name,pressure_Pa_from_file2,propylene_Henry_from_file2,|Qst(propylene)|_from_file2,N2_1,N2_4,N2_18,N2_75,N2_316,N2_1334,N2_5623,N2_23714,N2_100000,Ar_0.001,Ar_0.01,Ar_0.1,Ar_1.0,Ar_10.0,Ar_100.0,Ar_1000.0,Ar_2000.0,Ar_4000.0,Ar_6000.0,Ar_8000.0,Ar_10000.0,Ar_12000.0,Ar_14000.0,Ar_16000.0,Ar_18000.0,Ar_20000.0,Ar_24000.0,Ar_28000.0,Ar_30000.0,Ar_32000.0,Ar_36000.0,Ar_40000.0,Ar_50000.0,Ar_60000.0,Ar_70000.0,Ar_80000.0,Ar_90000.0,Ar_100000.0,pld,lcd,surface_area_m2cm3,surface_area_m2g,void_fraction
acs.inorgchem.5b02378_ic5b02378_si_002_clean-(id_185446),4000000,0.0130558,50.30683287,58.27978225,58.2278955,58.31822158,59.60219637,59.94250487,60.14516762,59.06087431,59.49271408,59.10572019,60.6704,60.8867,60.8938,60.8909,60.894,60.894,60.894,60.894,60.894,61.3697,61.3697,61.3697,61.3697,61.3697,61.3697,61.3697,61.3697,61.3697,61.3697,61.3697,61.3697,61.8434,61.8455,61.8455,61.8455,61.8455,61.8455,61.8455,61.8455,3.57212,3.84352,318.947,136.059,0.356
acscombsci.5b00188_3001288_clean-(id_185168),4000000,1.44E-05,6.842928949,0.458751386,2.24358104,7.451126187,21.03327364,57.33197783,153.2241608,308.1722233,679.385729,3805.213803,0,0.00119466,0.0113493,0.101547,1.02204,9.78192,57.8809,105.685,166.941,225.908,258.208,299.113,337.973,367.649,403.906,444.008,469.596,530.004,584.292,601.325,634.149,698.13,747.824,910.917,1080.09,1321.79,4535.47,4526.3,4546.57,23.6004,29.4137,881.282,5644.76,0.9382
acscombsci.5b00188_5020072_clean-(id_185448),4000000,4.20E-05,12.66869269,2.014991629,7.636718655,30.16927113,93.25975414,288.5153879,591.6124936,1081.505671,1175.303199,1236.966673,0.000726161,0.0044607,0.0419098,0.431132,4.04337,35.2875,312.934,566.28,806.017,1252.16,1309.79,1326.15,1344.86,1361.03,1367.65,1381.05,1385.56,1399.64,1408.54,1404.59,1411.68,1420.31,1422.37,1442.76,1461.77,1472.68,1474.38,1479.45,1477.19,11.9412,14.4697,1931.96,4497.16,0.8224
acscombsci.5b00188_5024922_clean-(id_185586),4000000,2.95E-05,11.20269003,0.728321603,3.024831193,12.27757765,44.20124798,152.6178249,311.4375927,596.1205755,1820.445879,1926.291185,0,0.00164036,0.0161302,0.175109,1.64638,15.3542,145.049,242.006,353.898,444.278,527.19,619.921,718.955,848.759,2080.4,2094.1,2109.83,2147.14,2170.17,2188.53,2190.59,2203.99,2225.22,2242.63,2262.84,2264.8,2295.37,2293.39,2298.31,15.8562,20.5205,1403.53,4757.71,0.8866
acscombsci.5b00188_5036495_clean-(id_185111),4000000,2.80E-05,9.432311183,0.313168078,1.295259036,6.100285795,27.29496169,159.2836243,683.4459807,1452.580047,1549.742652,1608.206927,0.00051935,0.00051935,0.00908863,0.0877702,0.92704,9.29299,129.742,414.102,1603.83,1676.09,1725.62,1750.14,1783.05,1801.06,1803.03,1826.47,1834.1,1838.44,1868.29,1864.59,1871,1887.61,1900.56,1895.74,1904.19,1924.44,1936.33,1928.08,1941.78,9.02496,10.8747,2296.38,6786.58,0.8498
ALULEZ_clean-(id_174068),4000000,2.65E-05,11.90367799,9.599326236,32.33100778,70.0694127,118.1657991,214.3865475,431.9601096,793.3693308,1204.060222,1256.950014,0.00276075,0.0226382,0.221413,2.27762,18.6437,79.3419,225.41,340.479,567.2,708.954,1298.63,1341.76,1369.5,1383.62,1392.68,1398.97,1412.15,1425.34,1435.32,1444.17,1444.39,1457.8,1457.79,1468.59,1484.27,1485.89,1496.64,1491.86,1505.39,13.3791,18.755,1475.35,3463.71,0.8336
APUPEH_clean-(id_174126),4000000,7.48E-05,16.7951364,12.90321044,39.72270326,82.26265385,113.2360442,161.0125184,243.1669097,580.5942694,1802.728009,1925.244397,0.00181446,0.0160277,0.165116,1.72041,15.2992,74.9679,165.058,206.852,276.686,349.801,438.499,574.557,694.175,875.916,2105.28,2123.4,2153.45,2178.65,2209.13,2201.89,2226.27,2228.9,2239.57,2271.22,2302.01,2288.7,2322.4,2325.71,2317.16,14.092,24.7893,1535.12,5147.71,0.8874
AVAKAL_clean-(id_174247),4000000,2.76E-05,8.54032078,0.806618173,2.970624352,14.19904917,51.48225821,181.3547436,487.4227206,988.131358,2712.53223,2884.312999,0.000267624,0.000535248,0.0160574,0.193492,1.81717,17.7237,163.708,315.633,559.467,768.457,948.147,1125.85,1323.88,2413.39,3150.51,3183.93,3219.44,3269.77,3298.28,3305.67,3330.64,3322.18,3366.87,3388.83,3421.98,3431.22,3448.63,3451.33,3459.6,12.5751,26.2529,1259.45,6072.13,0.913
AVAKEP_clean-(id_174248),4000000,4.57E-05,11.89017902,11.03954417,35.07613448,96.09019783,218.2283684,372.3664684,654.4216392,1230.659635,2251.074787,2381.285429,0.00136984,0.0168947,0.165066,1.72668,16.2529,107.208,429.218,597.88,786.951,940.71,1110.56,1767.17,2042.33,2546.21,2595.73,2607.77,2644.43,2679.3,2699.76,2709.11,2721.18,2736.66,2753.15,2778.84,2795.12,2823.85,2822.42,2826.35,2834.13,12.4937,25.1756,1420.93,5799.87,0.8902
AXINAX01_clean-(id_174321),4000000,0.00024139,21.62847948,68.86582259,99.6850826,145.4433342,216.8355735,333.2024306,535.6035628,803.1081591,1293.232554,1354.162596,0.038036,0.356989,3.43355,24.6826,79.3675,168.85,376.458,510.398,688.191,800.121,890.557,1227.98,1441.9,1469.3,1473.42,1486.23,1492.31,1514.72,1522.69,1537.38,1537.49,1539.13,1543.27,1567.66,1570.18,1583.5,1585.61,1601.6,1590.46,13.2777,19.4749,1509.07,3753.89,0.8346
BAZFUF_clean-(id_174425),4000000,4.33E-05,11.02073328,1.668898706,6.858603544,28.9470516,101.5874339,387.4393045,1060.597446,1515.247405,1632.641865,1679.8194,0.00035194,0.0035194,0.0313227,0.330472,3.44444,31.9709,433.063,1036.47,1514.04,1746.59,1783.58,1800.1,1818.74,1836,1847.69,1871.23,1862.36,1875.74,1878.97,1885.48,1895.23,1929.07,1921.19,1938.02,1959.55,1969.71,1964.55,1976.03,1972.7,8.58384,20.246,1825.41,5368.02,0.8648
BAZFUF01_clean-(id_174426),4000000,4.39E-05,11.11882942,1.681568539,7.333018439,29.27998667,103.0641735,407.0170136,1069.436063,1502.802812,1638.82756,1664.53958,0.00070388,0.00387134,0.0327304,0.371297,3.72423,34.0544,458.229,1054.11,1527.35,1719.27,1763.43,1798.27,1818.25,1807.88,1841.24,1836.72,1859.5,1868.08,1893.15,1895.32,1893.41,1903.87,1929.12,1919.31,1938.6,1951.02,1970.61,1940.14,1972.82,8.54605,20.1457,1831.33,5353.8,0.863
BEWCUD_clean-(id_174503),4000000,0.000110801,14.76546087,7.421502584,29.17086668,129.477345,396.1351493,860.1502023,1023.253834,1070.535243,1098.265615,1141.465942,0.00095397,0.0125924,0.112568,1.15469,11.5266,137.947,1167.42,1208.56,1238.33,1256.36,1262.11,1292.51,1280.63,1284.01,1293.78,1298.09,1304.54,1314.71,1320.62,1316.25,1316.55,1328.59,1336.27,1338.43,1344.41,1348.89,1341.65,1344.3,1348.15,9.61646,11.4301,2123.61,4456.97,0.8196
BIWSEG_ion_b-(id_174569),4000000,0.000601976,29.85425018,34.18445019,77.02817912,119.7728605,154.3504601,243.4229127,364.2218714,445.636816,573.8469669,1119.928897,2.04112,10.0827,17.7098,21.5096,49.0199,138.071,276.379,381.803,448.268,485.201,509.575,544.293,543.985,573.376,584.707,594.018,607.809,619.531,655.019,665.142,679.46,1246.47,1260.24,1268.48,1281.46,1280.84,1290.6,1294.41,1295.43,11.97,29.7351,1434.98,3073.15,0.843
c5qi00128e_c5qi00128e2_clean-(id_185529),4000000,0.0181469,34.1355043,322.234953,330.0571712,337.2868902,332.8050979,336.8507316,338.9124345,338.7524245,339.2533528,341.8446197,123.587,326.077,342.73,344.434,344.584,344.585,344.588,344.588,344.588,344.588,344.588,344.613,344.588,344.588,344.672,344.588,344.588,344.588,344.694,344.588,344.792,344.789,344.588,344.77,344.703,344.618,344.692,345.188,344.88,3.73125,6.58115,1853.01,1865.55,0.582
CADZIT_clean-(id_174740),4000000,6.69E-06,29.39291912,89.68729943,89.68976591,89.68976591,89.68976591,89.68976591,89.68976591,89.68976591,89.68976591,89.68984064,33.1774,85.1865,89.3493,89.6464,89.6897,89.6928,89.8807,89.7275,89.7073,90.1867,89.9479,90.6121,90.3203,90.8114,90.1171,90.8816,91.1115,91.1203,91.7836,91.613,90.3039,91.5372,91.3143,91.2304,92.2272,91.107,93.2723,94.7578,93.6167,3.53659,4.17501,543.593,430.693,0.4638
CAVPEW_manual-(id_174783),4000000,6.57E-05,12.89437286,5.397079673,20.61439639,78.63999682,248.2907265,736.6145312,941.0268835,1224.725017,1295.262983,1313.875914,0.000874257,0.00553696,0.0947112,0.929918,9.81558,91.6079,935.559,1065.87,1292.18,1403.25,1426.28,1448.74,1456.95,1469.92,1482.21,1476.98,1483.14,1496.26,1493.51,1504.43,1500.28,1516.59,1515.99,1521.66,1523.21,1545.75,1539.65,1544.97,1550.6,7.7782,20.2591,1930.55,4794.14,0.8198
CAVPIA_manual-(id_174784),4000000,6.92E-05,13.24119049,5.596030934,21.38254666,80.88499082,310.5292634,756.6185563,903.6779825,1191.023936,1236.259817,1284.302651,0.00115323,0.00778428,0.0957178,0.998406,10.2992,91.6034,929.691,1062.69,1299.72,1368.53,1383.74,1399.36,1409.67,1419.8,1422.72,1439.63,1428.95,1451.17,1436.24,1455.35,1457.82,1454.71,1471.17,1464.6,1485.95,1482.15,1494.11,1480.92,1494.77,7.75151,19.9203,1969.69,4733.15,0.8146
CAVPUM_manual-(id_174785),4000000,6.59E-05,12.99289963,6.015234462,22.28857659,83.94573455,278.014985,777.3701588,938.9162646,1212.38638,1283.56388,1325.191116,0.00143534,0.0132052,0.105928,1.08828,10.6365,99.5563,939.86,1058.3,1250.23,1389.71,1412.59,1432.61,1446.93,1446.22,1465.62,1475.29,1470.17,1487.51,1494.08,1485.53,1506.29,1502.36,1502.27,1502.22,1529.74,1515.22,1525.26,1534.17,1536.04,7.78019,20.4281,1942.56,4767.53,0.8202
cg050585esi20051105_115011_clean-(id_185287),4000000,1.14046,53.02548432,88.46030714,90.19548064,88.30451873,87.53909134,92.80677978,92.06592469,94.22816489,92.10818907,91.82917052,94.8067,98.7172,99.4751,99.5179,99.5179,99.5179,99.5179,99.5179,99.5179,99.5179,99.5179,99.5179,99.5179,99.5179,99.5179,99.5179,99.5179,99.5179,99.5179,99.5179,99.5179,99.5195,99.5179,99.5179,99.5179,99.5582,99.5179,99.5179,99.5179,3.57473,5.11718,563.9,381.297,0.4246
cg500175k_si_001_auto-(id_185386),4000000,0.000392768,21.27219481,48.24073552,74.64006503,96.66996257,160.3205748,339.0085575,643.6414195,939.5320443,1023.486369,1055.787665,0.00287698,0.0278769,0.26736,2.75714,43.6771,138.036,384.501,631.467,909.274,1055.94,1133.03,1146.51,1157.18,1168.21,1174.72,1183.99,1185.46,1197.57,1202.39,1209.51,1213.15,1207.8,1222.4,1222.01,1229.8,1241.2,1234.99,1243.55,1252.73,9.90922,20.3771,1882.27,3653.11,0.821
cg501560z_si_003_clean-(id_174925),4000000,1.55E-05,8.402499633,0.025425242,0.096666253,0.506239125,2.040060623,9.316964927,50.3492701,687.4014977,742.238448,773.7058293,0,0.000125868,0.00125868,0.0100694,0.0974215,1.04306,11.112,24.5683,61.7331,765.772,793.998,805.772,817.439,825.653,833.623,838.972,843.446,850.549,860.524,861.419,863.634,869.511,874.162,881.968,887.999,895.431,900.931,907.726,904.761,8.21137,10.5889,2301.94,3703.79,0.8104
COXHON_clean-(id_175152),4000000,1.63E-05,8.430052857,0.030322941,0.100165096,0.471993851,1.940916237,8.821239321,57.98962587,655.8437715,713.7876645,751.7084799,0,0,0.00124274,0.00857493,0.0949456,0.993076,11.1454,24.9207,69.2867,746.823,766.651,777.846,789.576,795.087,803.679,803.387,811.033,816.093,823.576,826.702,824.728,828.203,828.423,839.832,848.322,852.943,852.575,854.665,860.594,8.47314,8.79766,2297.83,3486.15,0.8002
CUKZOY_clean-(id_175205),4000000,0.000795513,33.56903855,150.3013291,150.3660031,150.3685092,150.3669081,150.3720597,150.3720597,150.3720597,150.3720597,150.3720597,11.8744,122.578,147.863,150.094,150.362,150.372,150.372,150.372,150.372,150.372,150.372,150.372,150.368,150.372,150.374,150.394,150.372,150.372,150.372,150.372,150.372,150.372,150.372,150.372,150.372,150.372,150.372,150.372,150.372,4.10064,4.8322,1172.94,923.5,0.5356
DIYKAZ_clean-(id_175500),4000000,0.015425,48.13361069,57.60618392,56.34647237,57.56650607,55.69677765,58.17433209,58.04978091,57.29760531,56.94634659,57.1815739,45.57,55.2878,58.2821,58.4214,58.4214,58.4214,58.4214,58.4214,58.4214,58.4214,58.4214,58.4214,58.4214,58.4214,58.4214,58.4214,58.4214,58.4214,58.4214,58.4214,58.4214,58.4214,58.4214,58.4214,58.4214,58.4214,58.4214,58.4214,58.4214,3.51099,4.37543,376.515,217.879,0.374
DOMDAL_clean-(id_175535),4000000,3.52E-05,18.1402745,8.727002227,21.71706236,39.99574787,58.98158505,96.76165687,149.393494,289.0739239,683.688457,727.4409976,0.00148146,0.0151109,0.149134,1.44255,11.4451,43.038,105.693,138.417,180.163,218.923,265.194,311.406,350.411,396.274,754.773,786.266,790.986,805.35,811.291,814.319,818.066,819.846,827.226,837.439,845.003,844.413,851.209,854.156,852.34,14.4549,18.4338,1341.32,2022.22,0.7914
DUFKAS_clean-(id_175592),4000000,0.000127799,19.67019284,39.17003073,68.89732339,143.2723039,221.1593664,310.9589343,386.2295949,517.0496836,920.473201,964.4029956,0.0255965,0.250112,2.23841,14.3449,43.9882,165.913,356.753,412.343,486.316,537.566,592.379,1024.18,1047.77,1062.51,1073.92,1084.7,1090.47,1098.45,1113.14,1114.89,1108.86,1122.04,1127.09,1136.5,1142.36,1149.36,1156.38,1156.82,1146.45,11.3142,18.3386,1559.27,2944.33,0.811
ECOKAJ_clean-(id_175736),4000000,2.41E-05,9.605272931,1.095959305,4.118168086,20.99261293,86.02804994,246.8582933,426.842268,613.2373668,1628.918238,1739.88055,0,0.00267452,0.0276367,0.268938,2.7604,30.9915,261.012,383.83,496.449,572.176,647.018,723.285,788.096,849.186,912.775,995.563,1937.06,1969.22,1989.38,1989.91,2000.93,2004.68,2033.3,2044.9,2052.12,2074.97,2083.98,2084.34,2100.39,17.5755,18.9972,1156.9,3556.08,0.873
EDUVII_clean-(id_175774),4000000,0.000100902,14.88315429,4.104027404,17.86941782,110.3620193,369.0470657,501.6545493,846.8381069,1217.002561,1310.089911,1350.968967,0.0011725,0.00762122,0.0707894,0.723576,7.50778,122.386,549.478,730.618,1299.53,1419.53,1455.45,1477.63,1494.26,1501.38,1507.4,1519.29,1535.87,1540.57,1549.93,1559.83,1558.21,1564.73,1574.07,1587.93,1598.32,1614.56,1608.18,1612.16,1612.58,9.77849,20.322,1870.75,4451.74,0.8576
EFAYIU_clean-(id_175779),4000000,6.61E-05,13.41367156,4.076353368,16.24162287,55.99030603,172.9702278,568.677614,1013.63313,1116.031323,1167.199416,1219.654474,0.000892176,0.00936785,0.0686976,0.675378,6.72233,58.1043,885.519,1207.99,1275.73,1314.8,1336.48,1363.25,1357.96,1381.71,1388.4,1382.51,1389.77,1410.97,1409.92,1414.71,1419.53,1417.21,1434.97,1455.31,1451.48,1446.99,1460.92,1451.24,1451.63,8.64377,11.5652,2251.34,5192.46,0.8194
EPONAA_clean-(id_175966),4000000,7.02E-06,5.004372227,0.008217589,0.024869039,0.133860308,0.532197483,2.323633452,10.47916513,60.29423305,935.6254397,1016.615472,0,0.000216253,0.000216253,0.00432505,0.0305997,0.336057,3.34705,6.81098,14.416,22.8705,31.7846,41.8966,55.1219,71.8533,96.1205,1069.1,1087.97,1107.47,1121.65,1125.09,1133.75,1142.97,1151.82,1179.3,1183.85,1199.48,1205.6,1215.38,1209.17,8.73453,9.18286,2583.42,5217.09,0.8544
EPONEE_clean-(id_175967),4000000,6.94E-06,4.948409038,0.004757567,0.027247812,0.127805241,0.514681033,2.2209135,9.762504241,59.16539485,941.1666947,1010.993339,0,0,0.000216253,0.00291941,0.0328704,0.317134,3.34121,6.61473,14.2394,22.225,30.5991,40.7396,52.4696,69.52,89.2596,1077.16,1090.89,1110.49,1129.08,1134.11,1138.42,1150.14,1162.37,1177.41,1192.86,1204.08,1219.91,1217.59,1215.13,8.74095,9.19024,2582.15,5239.6,0.8536
ERANAO_clean-(id_176002),4000000,9.51E+24,210.7654408,27.02233031,27.28341729,28.45032259,27.47191671,27.69216071,28.07474981,27.935878,27.94794266,28.73331418,34.2763,34.6538,34.6538,34.6538,34.6538,34.6538,34.6538,34.6538,34.6538,34.6538,34.6538,34.6538,34.6538,34.6538,34.6538,34.6538,34.6538,34.6538,34.6538,34.6538,34.6538,34.6538,34.6538,34.6538,34.6538,34.6538,34.6538,34.6538,34.6538,3.56594,3.91189,339.17,52.6316,0.3488
ERIRIG_auto-(id_185686),4000000,7.95E-06,5.728081687,0.028299363,0.114173267,0.524676543,2.103585378,8.754909615,38.30919451,1027.876807,1145.085254,1199.878985,0,0,0.00178904,0.0102463,0.109457,1.05423,10.7634,21.7355,45.5714,73.7249,112.428,1244.69,1272.7,1283.27,1304.55,1309.69,1319.11,1331.15,1352.82,1349.63,1361.01,1360.85,1368.03,1382.53,1402.68,1404.97,1418.73,1413.09,1412.07,9.57613,11.6785,2035.73,4770.02,0.8318
ESARIB_clean-(id_176020),4000000,131.863,69.07273582,43.20941427,43.77125562,45.99197622,48.25752674,43.37463464,47.31350901,47.42262006,49.49135635,51.30745681,60.3168,62.1395,62.1519,62.1519,62.1519,62.1519,62.1519,62.1519,62.1519,62.1519,62.1519,62.1519,62.1519,62.1519,62.1519,62.1519,62.1519,62.1519,62.1519,62.1519,62.1519,62.1519,62.1519,62.1519,62.1519,62.1519,62.1519,62.1519,62.1519,3.62901,4.9043,341.914,182.392,0.3502
ESEBOV_clean-(id_176025),4000000,7.91E-05,16.92812104,168.3685266,195.7999384,227.8506333,255.9354502,355.6075417,585.4825196,702.8616947,1236.458576,1278.366906,0.0742277,0.679663,6.59844,64.0224,190.632,249.142,513.887,685.877,776.815,825.374,872.036,924.215,996.321,1240.57,1403.36,1404.26,1416.55,1434.08,1447.14,1450.18,1451.95,1459.93,1460.6,1477.03,1492.59,1494.51,1499.92,1506,1503.68,17.2126,25.1034,1480.29,3425.07,0.8414
EWUGEK_clean-(id_176124),4000000,0.000851428,41.24240904,36.17620305,36.13044975,35.93482986,37.85864276,39.08039764,39.12397739,38.62884173,39.11093607,38.02122462,36.217,39.0067,39.0878,39.124,39.124,39.124,39.124,39.124,39.124,39.124,39.124,39.124,39.124,39.124,39.124,39.124,39.124,39.124,39.124,39.124,39.124,39.124,39.124,39.124,39.124,39.124,39.124,39.124,39.124,3.99552,4.25922,254.293,159.284,0.3716
FAHPOV_clean-(id_176203),4000000,8.37E-05,17.87328757,23.94058276,37.65806133,73.99648329,167.0615985,424.8718759,700.9675871,1013.883715,1084.292985,1140.398774,0.144668,1.24006,7.1835,16.6812,32.468,99.883,529.623,756.106,1146.16,1225.29,1240.89,1258.98,1283.72,1289.62,1298.66,1305.18,1323.65,1322.75,1326.16,1331.95,1338.58,1352.87,1348.48,1349.27,1360.83,1362.75,1371.96,1376.46,1376.79,12.7086,15.8333,1930.74,4151.64,0.8222
FEZCIX_clean-(id_176389),4000000,4.24E-06,6.934538806,0.00993219,0.039728739,0.176905351,0.761967326,3.254571203,16.17578297,374.0041465,416.9010705,439.4385121,0,0,0.0001874,0.0039354,0.0367304,0.384638,4.02085,8.38277,19.5095,33.6557,419.582,437.751,450.876,457.771,466.38,469.41,472.175,483.766,492.259,491.506,496.61,496.82,499.861,509.23,518.064,525.17,527.328,529.884,529.013,6.13901,9.87905,3096.5,2922.91,0.8222
FIJYED_clean-(id_176450),4000000,64.9594,63.48778388,88.97767706,88.83679574,88.97767706,88.97767706,88.97767706,88.97767706,88.97767706,88.97767706,88.97767706,88.9358,88.9514,88.9777,88.9777,88.9777,88.9777,88.9777,88.9777,88.9777,88.9777,88.9777,88.9777,88.9777,88.9777,88.9777,88.9793,88.9777,88.9777,88.9777,88.9777,88.9777,88.9777,89.0147,88.9777,88.9777,88.9777,88.9777,88.9777,88.9777,3.98746,4.73259,745.293,391.895,0.4318
GISNED_clean-(id_185553),4000000,0.000103783,15.96022173,7.606888508,38.52610252,89.81829768,256.3309835,550.2234833,858.438392,1122.021153,1185.110952,1224.840133,0.00117087,0.0100174,0.0926546,0.952175,10.9304,108.69,674.532,1024.87,1278.34,1319.25,1337.92,1352.24,1360.37,1370.81,1378.75,1383.29,1389.15,1396.5,1400.39,1406.95,1410.72,1410.61,1417.18,1424.54,1428.28,1438.75,1440.49,1443.49,1440.6,10.6099,16.8839,2036.44,4557.7,0.8226
HOMXIR_manual-(id_177401),4000000,5.19E-05,13.21751462,2.61795,9.58436,35.5974,105.061,450.993,840.368,998.71,1324.33,1390.42,0,0.00645895,0.0498436,0.492343,4.56295,39.0865,607.836,940.731,1077.34,1136.29,1170.92,1198.12,1228.33,1247.67,1280.85,1314.67,1566.77,1578.57,1585.62,1590.67,1599.65,1612.53,1617.68,1624.01,1629.68,1649.93,1656.59,1653.16,1655.1,22.8547,23.7023,1769.36,4485.82,0.844
HUNCIE_clean-(id_177501),4000000,5.84E-05,12.63463825,2.58419,10.5748,45.3065,167.733,477.433,820.435,1137.4,1877.33,1997.59,0.000396653,0.00575147,0.047995,0.484313,4.85781,48.9182,567.82,829.546,1074.68,1227.2,1343.04,1420.13,1491.44,1560.44,1608.27,2192.94,2211.37,2229.95,2252.99,2257.6,2266.21,2280.82,2300.49,2314.99,2338.01,2345.15,2361.77,2348.04,2354.21,20.3927,23.8524,1592.86,5473.82,0.8752
HUYKIV_clean-(id_177547),4000000,1.37E-05,8.92337056,21.7325,21.9383,22.8654,26.6012,45.7233,208.053,622.696,713.364,753.819,18.0157,21.3956,21.5371,21.6828,21.8984,23.8616,46.8754,81.4427,248.531,377.288,772.012,783.595,798.432,803.714,813.516,818.587,824.96,829.431,837.938,843.756,841.422,849.596,849.158,860.251,867.268,874.224,870.168,880.847,878.096,13.6804,13.8998,1246.53,2147.93,0.7586
ic101935f_si_002_auto-(id_185088),4000000,4.47E-05,12.26104087,1.331011717,5.137933364,20.65799824,68.02748641,235.8166123,1012.796051,1213.261305,1295.942528,1359.320178,0,0.0036022,0.0255156,0.271666,2.63891,25.8755,238.87,1207.93,1411.64,1468.52,1490.09,1508.37,1503.18,1526.38,1532.74,1543.05,1544.29,1549.65,1557.32,1563.52,1579.3,1578.53,1584.52,1601.17,1611.34,1603.99,1615.6,1611.25,1607.8,8.78691,13.5278,2079.05,5095.35,0.8498
ic800131r-file003_clean-(id_177688),4000000,5.29E-05,11.5417615,1.59327,6.60877,33.0333,156.044,681.177,1080.38,1184.9,1234.91,1277.97,0.000276946,0.00346183,0.0332335,0.354214,3.53134,37.8412,1042.18,1270.46,1344.85,1370.7,1395.87,1405.6,1423.57,1433.73,1439.64,1447.15,1449.12,1458.76,1465.58,1471.52,1474.39,1470.27,1496.62,1497.74,1513.19,1521.21,1537.66,1521.76,1522.58,9.58722,12.9498,1982.69,4749.95,0.8202
ICAQIO_clean-(id_177695),4000000,7.75E-05,13.16679689,5.89949,22.9277,93.4604,429.453,797.618,953.253,1235.74,1319.93,1352.51,0.000874257,0.0101997,0.106659,1.1039,10.9501,108.144,993.869,1131.05,1350,1455.63,1460.43,1475.08,1494.38,1498.44,1511.9,1514.08,1522.03,1533.64,1530.54,1537.37,1553.41,1540.44,1552.31,1564.56,1577.39,1569.77,1598.5,1587.07,1583.53,7.95732,20.3911,1914.78,4745.53,0.8268
ICAQOU_clean-(id_177696),4000000,7.84E-05,13.27611132,6.53879,24.227,95.8746,411.11,771.611,926.194,1211.22,1274.29,1319.37,0.000288307,0.0109557,0.109845,1.1564,10.9444,109.779,976.956,1103.76,1323.03,1409.78,1425.38,1437.34,1450.97,1457.91,1467.3,1466.54,1476.61,1494.74,1480.41,1496.97,1507.58,1505.24,1505.75,1508.71,1519.42,1520.27,1529.94,1534.49,1544.45,7.90669,20.2997,1915.83,4635.5,0.824
ICAROV_clean-(id_177698),4000000,7.91E-05,13.27750962,6.49588,25.016,99.9884,420.495,780.203,937.882,1226.58,1299.34,1330.22,0.000583166,0.00933065,0.104095,1.10277,11.1484,110.868,983.575,1117.16,1330.68,1422.37,1459.73,1459.58,1477.26,1476.14,1489.54,1493.62,1510.41,1511.52,1523.3,1519.95,1518.03,1525.1,1537.87,1541.98,1547.96,1555.51,1555.76,1561.53,1555.48,7.92146,20.3334,1928.4,4743.67,0.8236
IDEYOF_clean-(id_177723),4000000,8.58E-05,13.09927986,10.3944,41.3057,145.78,414.827,982.908,1085.74,1133.87,1176.19,1204.64,0.00176181,0.0172406,0.17077,1.69184,17.0652,154.275,1213.28,1271.7,1313.6,1332.45,1353.14,1355.99,1367.3,1378.14,1388.33,1378.76,1396.33,1420.8,1423.34,1426.69,1432.51,1440.17,1448.59,1448.27,1452.71,1464.84,1460.77,1469.72,1464.39,6.17304,10.0315,2478.11,5779.04,0.8074
INIDAL_clean-(id_177914),4000000,9.98954,59.42244852,108.272,114.245,116.631,120.226,123.376,124.634,125.055,125.492,125.937,116.361,125.673,126.207,126.264,126.376,126.376,126.376,126.376,126.376,126.376,126.376,126.376,126.376,126.376,126.376,126.376,126.376,126.376,126.376,126.376,126.376,126.453,126.376,126.376,126.376,126.376,126.376,126.741,126.814,3.74534,4.50397,849.004,360.45,0.4596
IRAHUF_clean-(id_177963),4000000,6.72462,59.66233516,103.587,109.569,113.39,115.294,118.151,119.092,120.315,122.827,124.182,97.5136,120.549,125.578,126.325,126.366,126.376,126.376,126.376,126.376,126.377,126.376,126.376,126.376,126.376,126.376,126.376,126.376,126.376,126.376,126.376,126.376,126.376,126.376,126.376,126.376,126.376,126.376,126.376,126.376,3.65968,4.40761,766.685,322.478,0.4662
IYOWID_manual-(id_178130),4000000,6.89E-05,13.04647853,5.26484,20.6523,80.5871,259.036,737.373,919.727,1203.81,1280.48,1319.71,0.00172241,0.00832499,0.0915749,0.998999,9.69115,91.3582,948.925,1071.38,1271.68,1392.34,1421.78,1448.65,1461.31,1462.29,1461.88,1473.14,1477.71,1493.79,1502.58,1500.63,1502.38,1517.51,1507.94,1527.07,1531.82,1543.13,1546.11,1551,1550.79,7.7477,20.5167,1929.7,4763.89,0.822
IZOWAW_clean-(id_178164),4000000,7.40E-06,9.055215335,0.663929,2.97359,5.01133,9.44295,18.3808,57.8299,163.199,458.361,496.364,0.0157978,0.102085,1.09449,4.4306,8.00574,10.8819,22.213,36.0628,68.2154,103.628,136.43,166.173,192.665,223.622,524.74,532.357,539.748,550.681,557.155,560.238,561.422,564.977,568.943,576.96,582.944,587.556,590.964,591.776,593.638,10.5132,18.9473,1791.35,1780.61,0.7888
ja0660047si20060818_060458_clean-(id_178185),4000000,0.0168685,33.97481903,312.236,326.758,333.341,335.747,336.785,336.802,336.854,338.369,338.369,132.085,319.77,336.82,338.229,338.353,338.368,338.369,338.369,338.369,338.369,338.369,338.39,338.369,338.369,338.38,338.369,338.369,338.369,338.369,338.369,338.369,338.369,338.369,338.369,338.369,338.369,338.762,338.369,338.369,3.94503,6.58402,1971.57,1955.64,0.578
ja4050828_auto-(id_185395),4000000,0.000155021,19.68720999,54.21811063,85.70842393,131.1972594,238.1105915,330.9220109,412.1165574,513.8816848,654.0709367,1020.112244,0.00504344,0.0528415,0.546755,5.72912,67.7673,159.1,369.343,429.945,491.246,528.769,560.395,584.075,606.686,624.576,640.724,661.011,682.053,718.796,757.2,778.243,819.929,1177.41,1186.71,1201.16,1204.51,1218.77,1229.05,1225.26,1223.17,28.7488,29.2834,1535.79,3142.23,0.8256
ja408959g_si_002_clean-(id_178233),4000000,0.000154793,18.81937243,29.5422,69.6919,162.073,302.982,415.265,520.397,615.81,761.074,1166.08,0.00401929,0.0458199,0.420762,4.10426,30.9376,197.492,484.302,556.828,634.021,667.895,699.487,719.097,738.584,747.618,774.174,795.104,815.602,865.205,906.388,936.183,972,1029.93,1362.95,1377.91,1388.02,1393.49,1393.15,1401.69,1408.82,30.385,31.0724,1502.5,3407.47,0.8264
ja500330a_si_007_auto-(id_185791),4000000,2.42E-06,4.754108101,6.353865281,7.843592224,8.631924049,8.890287304,10.15576355,15.60312641,45.53584261,525.1150695,572.3814423,0.00187115,0.019935,0.193449,1.68123,6.13811,8.49274,10.9563,13.6162,18.8906,24.3762,31.0104,37.8503,46.7163,56.2997,67.0191,79.477,91.1075,124.528,563.951,634.298,641.612,649.228,658.317,664.546,678.109,677.642,684.374,683.03,688.17,14.4876,19.4624,1339.02,1676.1,0.7758
ja507269n_si_002_clean-(id_178250),4000000,0.000127028,20.1320269,22.2956,45.7322,101.517,213.684,365.501,527.731,672.85,995.439,1480.56,0.00578144,0.0423972,0.484678,4.03448,24.7867,108.917,390.06,517.077,641.273,694.064,737.997,775.51,807.355,847.163,898.238,951.479,1012.61,1109.18,1672.61,1697.55,1695.17,1711.26,1722.54,1746.62,1755.26,1771.36,1777.84,1777.45,1785.85,23.1844,27.3395,1494.97,4167.13,0.865
ja507269n_si_003_clean-(id_178251),4000000,0.000146326,19.69544516,26.9025,54.5474,128.186,254.094,425.131,600.822,731.407,1072.59,1604.22,0.00773415,0.0531078,0.518188,4.872,28.8471,131.918,472.98,604.297,709.911,774.128,815.315,855.054,886.564,931.69,967.206,1030.06,1080.74,1234.86,1827.8,1825.91,1829.91,1841.88,1845.92,1871.89,1901.87,1918.2,1926.7,1908.59,1909.27,25.5491,27.2094,1450.85,4279.41,0.869
ja5103103_si_002_auto-(id_185356),4000000,6.04E-05,16.71943715,16.89823675,39.04200343,131.086158,195.2690751,284.677573,421.6792811,561.8619301,989.0205336,1043.941458,0.00357135,0.0468631,0.446767,3.88345,20.4112,157.546,351.488,436.781,518.697,571.666,623.409,678.944,1140.88,1146.17,1156.3,1165.29,1178.94,1186.85,1193.65,1199.45,1205.62,1214.64,1218.6,1227.51,1234.52,1246.86,1242.93,1249.42,1249.72,14.4517,16.9503,1609.85,3206.61,0.8216
ja5111317_ja5111317_si_002_auto-(id_185090),4000000,0.000106945,18.5587385,38.7895526,50.25644287,81.46138585,183.9325372,593.737587,869.24387,1122.743132,1220.306025,1268.924237,0.0245553,0.195763,2.09667,15.7956,42.6485,100.121,823.474,993.364,1115.83,1275.4,1371.96,1394.83,1405.42,1417.99,1429.07,1429.49,1441.36,1453.77,1452.92,1463.42,1463.77,1470.86,1473.2,1481.98,1494.16,1499.07,1502.2,1504.37,1504.47,8.74134,21.3794,1892.53,4501.6,0.8218
ja512311a_si_003_auto-(id_185867),4000000,1.42E-05,9.188336725,0.152395496,0.594961059,2.677324734,11.12880832,42.18628127,274.908558,876.2567238,941.0852656,986.9132934,0.000140586,0.000843518,0.0030929,0.0437223,0.408825,4.37476,42.4146,93.158,944.984,1004.84,1025.33,1051.45,1062.38,1080.6,1081.47,1101.09,1107.94,1107.1,1112.22,1122.36,1122.71,1128.61,1135.03,1153.14,1162.89,1166.6,1163.24,1173.71,1174.54,9.00529,11.8889,2207.95,4492.38,0.8056
ja512311a_si_007_auto-(id_185273),4000000,5.39E-06,5.336531973,0.011398938,0.064322513,0.280359316,1.127950943,4.704228536,20.64942737,178.1901956,836.0086933,895.9206384,0,0,0.00108561,0.00692078,0.0605229,0.589352,6.25828,12.444,25.9687,40.9342,56.6326,81.1612,124.418,920.283,944.17,948.116,958.579,972.591,987.041,995.862,995.428,1003.76,1010.91,1029.61,1033.85,1039.57,1052.34,1049.68,1049.5,9.04299,11.3746,2105.05,4130.81,0.8058
ja512973b_si_002_auto-(id_185415),4000000,4.36E-05,16.33078413,19.21905425,36.97996118,60.43760103,144.9614365,497.5153969,748.5296576,966.2307591,1039.041932,1070.473547,0.00419252,0.0372145,0.361122,3.61739,21.5006,68.8786,617.702,822.25,985.551,1117.56,1153.37,1169.94,1181.43,1187,1197.56,1200.58,1203.45,1217.77,1223.48,1226.61,1231.64,1238.02,1238.25,1242.74,1252.56,1260.57,1259.42,1264.86,1262.61,8.47189,17.7505,2258.74,4925.43,0.7852
ja512973b_si_003_auto-(id_185198),4000000,3.07E-05,12.38869376,3.963940988,13.55468785,34.60478997,67.00244459,178.2435216,791.6811339,1039.06997,1248.998558,1301.442736,0.000661555,0.00907275,0.078725,0.814279,7.49031,38.0776,191.902,771.192,1030.49,1131.72,1313.63,1388.74,1409.52,1430.03,1446.39,1450.66,1459.73,1476.97,1482.66,1485.95,1490.5,1502.72,1504.62,1521.17,1532.45,1536.42,1545.12,1552.47,1548.38,8.58252,21.3381,1883.32,4665.31,0.8204
ja512973b_si_004_auto-(id_185872),4000000,1.48E-05,7.643092022,0.772177046,2.894900861,9.725462914,25.3200817,69.13426119,207.0250883,1179.978833,1763.416572,1861.184714,0.000381511,0.00190755,0.0206016,0.155275,1.46882,12.3751,67.5686,119.174,253.184,519.48,1343.27,1514.49,1616.2,2007.49,2010.33,2058.16,2068.79,2125.88,2121.47,2126.4,2128.45,2142.78,2151.34,2177.07,2208.03,2188.14,2223.38,2210.47,2223.09,12.211,23.1345,1643.34,5504.68,0.864
ja512973b_si_005_auto-(id_185787),4000000,2.10E-05,10.57435017,3.40780153,11.5580564,27.92198674,46.39570985,78.57462982,212.9939378,1147.384085,1785.961416,1928.122268,0.000352337,0.00634206,0.0845609,0.778665,6.27512,29.9923,80.5629,124.226,248.586,461.786,1181.78,1478.18,1584.65,1897.5,2083.09,2110.43,2143.33,2160.35,2162.38,2190.26,2198.42,2205.51,2237.01,2248.87,2268.78,2286.31,2278.67,2299.77,2306.34,10.4959,25.2415,1600.36,5496.62,0.8684
ja5b00365_si_002_clean-(id_178263),4000000,8.28E-05,14.8093025,12.4955,47.9838,184.255,530.419,724.036,828.005,1048.14,1167.39,1222.08,0.00306053,0.0218318,0.219338,2.08504,21.6202,234.94,852.628,930.704,1116.39,1246.99,1312.67,1332.17,1343.63,1347.94,1354.63,1356.44,1367.09,1372.42,1382.9,1376.65,1380.73,1382.73,1386.2,1397.66,1400.08,1403.2,1403.87,1403.02,1408.88,7.63115,21.7763,2037.74,4502.96,0.826
ja5b02999_si_007_clean-(id_178280),4000000,0.000152474,18.01997933,19.8156,54.9837,143.655,260.747,539.941,745.254,1101.86,1228.57,1275.59,0.00409266,0.0379016,0.383732,3.36826,25.1281,157.038,655.9,812.051,943.405,1312.23,1360.96,1389.43,1400.87,1410.14,1418.36,1427.24,1436.65,1439.69,1456.48,1460.36,1462.34,1469.58,1480.55,1490.18,1497.39,1506.32,1506.13,1506.33,1511.63,15.8193,19.2415,1795.61,4329.62,0.8236
jacs.6b01663_ja6b01663_si_002_clean-(id_185772),4000000,8.42E-05,17.2410945,161.933948,195.9610174,227.5299898,266.5171836,386.8407224,603.3824942,725.3082396,1214.981536,1253.653136,0.101747,0.995257,9.08052,65.743,189.508,260.686,547.645,690.023,791.446,841.209,886.243,952.257,1042.38,1334.38,1370.98,1392.32,1402.02,1416.46,1412.88,1418.28,1418.03,1430.22,1444.55,1454.65,1467.02,1473.15,1480.75,1476.56,1475.26,17.0959,24.657,1508.06,3440.83,0.8424
jacs.6b01663_ja6b01663_si_003_clean-(id_178295),4000000,6.12E-05,14.43798104,4.55999,16.9873,55.7733,146.847,366.029,554.861,770.839,1283.08,1754.73,0.00148424,0.00784524,0.0767561,0.788553,7.75831,58.2352,432.475,575.848,728.908,832.26,906.173,988.313,1053.3,1103.7,1146.75,1200.8,1248.14,1988.78,2023.47,2023.3,2033.53,2044.27,2060.98,2093.3,2094.81,2113.49,2117.12,2121.86,2125.84,19.6462,27.6264,1432.79,4489.74,0.874
jacs.6b08724_ja6b08724_si_009_clean-(id_178305),4000000,0.000132081,17.87480035,14.5539,42.6621,116.338,232.309,434.034,641.716,788.689,1112.6,1702.53,0.001537,0.019981,0.209289,1.9274,17.7903,114.146,507.232,671.182,798.926,859.499,913.924,950.997,1010.01,1082.34,1124.88,1159.89,1249.09,1356.43,1968.35,1974.28,1983.57,1992.46,2008.5,2020.57,2034.08,2055.11,2062.42,2065.12,2069.39,26.8915,28.3891,1424.57,4393.62,0.8668
jacs.6b08724_ja6b08724_si_010_clean-(id_178306),4000000,0.000163994,19.59458459,23.2441,52.5176,128.427,245.985,432.21,602.29,723.635,1058.24,1553.09,0.00315876,0.0410639,0.378565,3.54413,25.7607,126.253,485.535,633.557,734.424,787.42,826.254,860.063,900.306,935.557,986.887,1054.82,1090.89,1243.09,1778.67,1774.15,1784.83,1799.9,1816,1824.66,1849.22,1862.87,1870.15,1861.25,1874.19,26.1509,27.737,1434.45,4043.56,0.8742
jacs.6b08724_ja6b08724_si_011_clean-(id_178307),4000000,0.000155966,18.56237764,19.6067,54.534,133.052,257.447,471.426,652.717,802.833,1153.35,1721.1,0.00414266,0.0326235,0.27238,2.76212,23.8812,131.524,552.128,713.096,836.688,887.75,933.852,977.999,1035.97,1094.43,1163.82,1224.57,1274.62,1391.57,1973.2,1992.48,2004.31,2001.42,2025.59,2050.49,2064.62,2073.05,2069.92,2082.11,2082.28,26.8116,28.2964,1413.52,4378.13,0.8676
jacs.6b08724_ja6b08724_si_012_clean-(id_178308),4000000,9.56E-05,17.13946102,7.75309,27.8863,75.2932,187.911,362.254,544.24,694.848,1017.19,1564.74,0.0013745,0.0119123,0.109731,1.15618,10.5777,77.2345,423.464,617.064,731.321,783.483,823.844,864.482,907.833,960.207,1012.15,1053.07,1104.37,1202.56,1350.54,1792.45,1797.1,1804.85,1815.39,1839.14,1846.31,1858.66,1861.75,1875.46,1868.67,24.9362,28.6797,1453.6,4108.09,0.8748
jacs.6b08724_ja6b08724_si_013_clean-(id_178309),4000000,0.000143442,18.74079516,17.7314,49.1793,121.801,239.546,422.79,602.435,735.819,1074.61,1579.59,0.0031413,0.0277884,0.22714,2.44321,21.3483,122.787,500.114,643.625,739.786,791.414,834.779,866.689,920.867,966.085,1013.39,1105.5,1134.48,1262.58,1811.86,1825.93,1814.31,1827.85,1845.49,1861.16,1880.18,1897.11,1907.65,1901.06,1895.89,26.5052,28.0463,1434.54,4087.73,0.8658
jacs.6b08724_ja6b08724_si_014_clean-(id_178310),4000000,0.000181937,18.89426748,26.8526,66.9271,149.825,299.864,535.14,735.776,906.671,1328.2,1943.29,0.00264934,0.0400345,0.388865,3.85097,30.6797,152.154,612.481,797.524,941.991,1020.15,1069.35,1126.3,1215.36,1252.09,1354.13,1389.57,1473.62,1587.07,2260.1,2267.27,2300.04,2282.98,2313.87,2316.08,2342.69,2361.96,2373,2370.43,2378.55,26.5894,28.056,1417,4986.05,0.8798
jacs.6b08724_ja6b08724_si_015_clean-(id_178311),4000000,0.000154766,19.16716771,20.8396,49.594,118.619,240.908,429.689,596.934,717.975,1049.82,1559.11,0.00461665,0.0340174,0.323408,3.23408,24.5618,123.35,480.354,624.456,725.013,781.092,816.647,855.683,890.17,947.044,994.845,1036.96,1139.95,1250.1,1778.83,1787.76,1794.01,1804.77,1830.35,1845.09,1855.07,1869.93,1877.07,1880.16,1877.27,26.1862,27.7493,1423.48,4033.82,0.8634
jacs.6b08724_ja6b08724_si_016_clean-(id_178312),4000000,0.000142878,18.24291325,15.7498,46.8777,118.838,241.889,445.168,630.017,777.703,1111.13,1695.81,0.00153776,0.0233227,0.224257,2.20156,19.8771,117.797,510.172,672.294,797.294,850.912,892.726,940.691,979.744,1042.37,1099.84,1178.68,1243.19,1341.67,1944.05,1944.21,1961.05,1984.66,1980.96,2006.88,2027.97,2029.51,2045.33,2048.94,2038.04,26.703,28.1981,1415.91,4325.28,0.8786
JALLOA_clean-(id_178339),4000000,3.85E-06,5.440564119,8.14771,8.18312,8.30114,8.79086,10.9938,20.4958,62.6793,252.738,673.499,5.84669,8.00174,8.10857,8.14221,8.17593,8.49893,11.863,15.5186,23.0353,30.7599,39.5552,49.4294,60.061,71.6152,82.8508,96.668,110.878,141.255,179.342,197.945,218.328,261.736,770.476,786.575,792.667,800.246,807.976,806.828,809.618,18.3383,21.1368,1125.29,1489.85,0.8308
JOGSAA_clean-(id_178412),4000000,5.25E-05,11.591181,1.55721,6.42233,30.3518,141.444,672.624,1069.65,1154.62,1217.19,1269.12,0.000138987,0.00347468,0.0307162,0.34038,3.37837,35.9648,1064.51,1257.54,1337.18,1361.91,1381.16,1394.93,1409.34,1414.49,1420.65,1428.14,1435.25,1451.66,1452.97,1454.91,1457.14,1469.26,1475.97,1474.38,1495.33,1502.33,1504.16,1498.1,1492.05,9.4474,12.9763,1989.54,4728.27,0.8226
KAWHEY_clean-(id_178587),4000000,0.000183348,22.15056515,38.3821,63.9301,104.318,167.138,289.659,481.539,723.792,1051.86,1099.28,0.0134019,0.118973,1.15041,9.36625,47.291,121.433,332.95,461.365,625.568,740.39,835.845,1164.11,1182.72,1198.01,1208.88,1212.33,1220.33,1233.23,1241.95,1257.53,1253.72,1254.42,1264.07,1279.83,1283.59,1288.9,1298.99,1295.79,1293.37,15.5853,18.2148,1507.18,3256.18,0.8126
KOZQEX_clean-(id_178840),4000000,0.000114111,15.48402437,7.54439,30.1536,116.741,297.24,610.619,787.627,1000.04,1233.29,1287.72,0.000798855,0.0109177,0.119828,1.12026,11.5363,126.971,740.725,841.931,990.343,1082.97,1136.93,1190.56,1326.51,1364.26,1387.62,1396.42,1392.93,1410.82,1411.19,1432.94,1424.98,1444.49,1448.39,1460.32,1459.24,1468.9,1488,1487.99,1495.71,6.86083,22.4236,1919,4453.33,0.8428
KOZQIB_clean-(id_178841),4000000,0.000110042,15.53987856,7.45379,31.3756,145.192,276.367,426.92,715.55,1214.63,1789.35,1919.61,0.000209001,0.011286,0.108262,1.04688,11.4323,169.285,471.204,697.243,965.358,1263.76,1376.56,1449.6,1505.24,1576.58,1631.44,1695.48,1768.57,2150.13,2159.09,2170.5,2171.41,2189.61,2203.63,2233.81,2252.38,2268.41,2273.71,2265.5,2276.72,12.236,28.5407,1428.61,4716.99,0.8826
KUVMIZ_clean-(id_178911),4000000,7.81E-05,15.22972496,18.8684,56.369,121.733,257.759,540.112,818.651,1296.24,1398.81,1461.2,0.00464945,0.0358008,0.344989,3.35226,27.9965,137.141,641.214,860.069,1266.21,1546.9,1580.16,1593.81,1617.75,1634.41,1649.45,1650.39,1653.66,1673.79,1678,1681.94,1679.9,1684.31,1688.04,1717.51,1723.17,1715.35,1730.03,1728.32,1727.07,11.0076,15.7507,1774.59,4915.74,0.8214
LARXUA_clean-(id_179047),4000000,0.000202811,18.97590039,31.8086,91.3161,168.663,279.442,495.794,806.91,984.833,1131.41,1173.46,0.00414163,0.0426434,0.407413,3.98915,40.7513,190.788,603.752,826.666,978.808,1100.48,1231.28,1265.06,1278.81,1289.62,1298.3,1302.95,1309.31,1325.42,1333.04,1335.37,1342.47,1340.18,1359.18,1362.09,1370.92,1379.96,1382.16,1380.31,1377.52,11.1395,21.8367,1909.12,4368.3,0.8068
LATBUG_clean-(id_179057),4000000,0.000140622,17.14761275,21.6911,46.6375,158.609,316.558,588.574,891.238,1323.96,1438.34,1500.55,0.00380714,0.0465317,0.419349,4.04854,25.8836,167.884,805.486,984.851,1085.22,1576.27,1622.34,1638.4,1655.95,1665.37,1680.07,1691.92,1693.82,1701.41,1712.05,1717.76,1722.3,1729.95,1731.78,1741.39,1762.18,1757.79,1766.2,1767.51,1760.17,12.7795,17.5972,1754.11,4698.37,0.8458
LATCAN_clean-(id_179058),4000000,0.000220585,19.20548341,37.1328,82.1631,224.343,340.228,588.06,849.11,1282.97,1403.92,1447.15,0.0088192,0.0964422,1.13569,8.78662,41.4976,256.674,795.207,961.381,1058.84,1555.93,1594.69,1611.54,1629.02,1648.64,1651.53,1661.48,1659.3,1686.53,1691.55,1697.2,1704.49,1701.48,1709.42,1721.27,1725.52,1743.04,1757.08,1746.39,1743.52,13.3646,17.4646,1759.4,4625.73,0.8424
LETQEI_clean-(id_185837),4000000,0.000121588,26.05046766,31.98768431,39.92343717,50.14957051,66.88059896,92.73689463,183.1329112,256.6184295,366.0412654,575.4809274,0.114244,0.912818,6.99329,20.5092,39.0864,58.5497,102.14,154.011,229.885,255.324,270.863,284.014,296.6,309.052,322.232,335.384,348.326,376.671,405.171,421.829,542.405,651.695,655.72,663.822,668.838,674.669,678.273,681.142,678.018,25.4389,25.6894,1230.83,1510.5,0.8076
LETRAF_clean-(id_185374),4000000,8.14E-05,24.72749366,26.75747126,32.7195295,41.81587253,56.06776667,79.47594365,142.3191283,247.7518406,349.8218758,657.7581038,0.0205779,0.226095,2.24533,12.9387,31.2765,49.3137,85.254,116.532,188.427,229.364,251.483,267.527,279.999,291.581,302.133,315.011,327.644,351.732,377.371,388.116,399.843,428.079,464.324,754.047,761.279,765.516,771.327,772.89,773.026,26.4932,26.759,1149.99,1567.13,0.828
LIKDOA_clean-(id_179225),4000000,0.000429703,22.4725439,28.8769,72.7492,98.9996,139.618,285.371,619.745,867.543,944.514,1000.23,0.00207003,0.0193608,0.221493,2.27155,41.2204,114.74,289.743,663.574,998.536,1061.13,1084.32,1096.35,1104.74,1113.6,1124.97,1123.31,1131.61,1137,1143.86,1146.13,1145.7,1151.67,1156.33,1166.75,1174.48,1185.13,1187.43,1190.51,1190.8,9.41931,18.4832,1957.94,3650.16,0.8154
LIRFIB_clean-(id_179238),4000000,1.55E-05,7.799038517,0.0212101,0.0848405,0.396106,1.67891,7.34972,39.5952,779.901,849.97,879.23,0,0.000137728,0.000275456,0.00867687,0.0937929,0.879945,9.36854,20.5237,48.0235,869.341,900.486,918.243,928.974,943.354,946.746,956.079,956.732,974.416,977.227,984.912,986.947,991.5,1001.9,1003.16,1017.79,1019.79,1029.07,1021.34,1027.65,8.82724,9.16234,2252.81,4060.77,0.8042
LUDKIG_clean-(id_179338),4000000,0.438388,49.29283717,40.555,41.4145,41.4145,41.4145,41.4145,41.4145,41.4145,41.4145,41.4145,39.5488,41.3038,41.4145,41.4145,41.4145,41.4145,41.415,41.4145,41.4155,41.415,41.4172,41.4159,41.4157,41.4161,41.4168,41.4188,41.4169,41.4189,41.4226,41.4178,41.417,41.4233,41.4223,41.4205,41.4244,41.4249,41.4274,41.4321,41.4281,4.06983,6.18711,292.603,166.419,0.3538
MIXZOK_clean-(id_179751),4000000,0.000118567,14.92128509,11.3166,38.3037,156.155,554.348,830.211,1033.36,1106.53,1158.74,1190.46,0.00230964,0.0184771,0.186157,1.79243,16.0945,167.295,1156.51,1228.25,1276.2,1290.65,1313.44,1323.98,1334.49,1345.84,1351.15,1351.67,1363.01,1362.04,1370.89,1359.62,1384.58,1387.41,1374.52,1400.71,1405.24,1406.94,1408.05,1410.88,1412.18,9.81049,13.1878,2109.4,4657.62,0.8114
MOPKEJ_clean-(id_179807),4000000,16.6393,53.33899324,149.282,152.978,157.157,157.391,160.497,161.595,162.568,162.568,163.604,157.198,165.639,167.665,167.718,167.746,167.746,167.746,167.746,167.746,167.746,167.746,167.746,167.746,167.746,167.746,167.746,167.746,167.746,167.746,167.746,167.746,167.746,167.746,167.746,167.746,167.746,167.746,167.746,167.746,3.52998,5.75785,1130.27,647.188,0.4994
MUBZOA_auto-(id_185271),4000000,1.52E-05,10.48043844,3.124608281,9.813049402,27.56127388,51.43930649,73.49276749,175.9402559,895.4327553,1082.326973,1135.093621,0.000718541,0.00607494,0.0729646,0.606318,5.94978,31.1844,76.7439,106.519,223.309,789.403,1057.05,1179.59,1209.88,1225.6,1243.23,1248.17,1258.53,1277.76,1293.45,1301.71,1301.87,1306.42,1318.28,1331.17,1345.08,1355.83,1357.41,1361.71,1364.3,7.12,18.7272,1990.25,4506.52,0.8132
MUBZUG_auto-(id_185571),4000000,1.94E-05,11.00432106,3.121432692,10.71289333,30.79655222,54.99502483,83.63193417,601.3561913,935.4596857,1020.537352,1059.048869,0.000870623,0.00684061,0.0687792,0.692519,5.93168,34.1812,86.3836,141.481,812.136,1016.64,1110.4,1132.7,1148.23,1162.45,1173.62,1184.89,1189.11,1207.25,1211.32,1211.01,1227.47,1231.26,1234.61,1244.92,1256.1,1262.03,1272.43,1274.22,1272.65,7.90997,18.6354,1954.88,4163.83,0.8032
MUZKAV_clean-(id_179926),4000000,0.00234253,28.54003771,211.897,235.629,287.129,452.505,677.539,759.918,1168.53,1259.04,1306.37,0.891661,7.01221,45.22,171.235,238.189,325.763,784.592,848.477,930.425,1387.94,1412.35,1437.19,1441.38,1453.58,1470.1,1478.34,1486.2,1493.17,1495.11,1503.64,1506.66,1515.18,1518.9,1525.07,1532.36,1537.86,1547.5,1544.83,1543.59,13.8793,17.4583,1760.45,4364.16,0.8208
MUZKEZ_clean-(id_179927),4000000,0.000317674,21.13719222,58.6645,144.36,288.568,494.987,819.168,949.576,1410.12,1509.03,1566.08,0.262231,2.70973,16.5864,35.5646,71.8851,348.694,996.807,1074.18,1161.11,1704.29,1735.84,1757.63,1769.81,1781.83,1806.47,1815.11,1823.11,1825.55,1842.42,1831.86,1858.39,1852.73,1858.73,1867.27,1883.61,1898.03,1900.41,1893.65,1906.6,13.2696,17.5224,1734.78,4905.83,0.8448
NAFSOF_clean-(id_179949),4000000,9.38E-05,13.75877054,6.37836,22.3018,76.387,318.649,950.185,1100.28,1147.12,1186.84,1214.37,0.00123258,0.0125723,0.0852946,0.980394,9.13391,76.8184,1177.58,1244.83,1301.32,1312.87,1325.29,1340.12,1358.11,1365.15,1371.15,1361.97,1369.98,1387.01,1390.52,1406.73,1399.81,1416.88,1416.52,1417.93,1428.11,1445.97,1448.76,1452.39,1439.96,8.31604,10.4133,2285.29,5219.56,0.8158
NEFZOO_clean-(id_180062),4000000,0.0757064,41.14388262,225.821,225.824,225.824,225.824,225.824,225.824,225.824,225.824,225.824,47.808,220.495,225.35,225.821,225.879,227.47,228.346,229.309,230.736,230.703,230.959,230.744,230.684,230.006,230.918,231.4,232.097,232.886,234.188,234.171,232.833,231.137,233.146,234.188,236.083,236.206,236.279,236.66,237.673,4.51456,4.9876,1752.87,1492.33,0.5624
OMUSAS_clean-(id_180635),4000000,2.12E-05,10.72731735,1.12724,3.96516,15.6213,43.1111,118.325,254.432,393.492,762.271,1706.66,0.000170691,0.00324313,0.0170691,0.213023,2.11469,17.5737,118.299,209.1,310.759,369.585,410.038,450.146,483.882,530.064,565.52,607.771,654.327,765.795,880.156,962.216,1944.36,1958.16,1971.25,2001.28,2015.73,2042.17,2050.89,2046.45,2046.59,16.1732,18.7144,1216.14,3824.31,0.8696
OPIWEQ_clean-(id_180665),4000000,0.00397094,44.30834214,83.5992,83.5992,83.5992,83.5992,83.5992,83.5992,83.5992,83.5992,83.5992,82.566,83.4926,83.584,83.5992,83.5992,83.5948,83.5992,83.5992,83.5992,83.5992,83.5992,83.5992,83.5992,83.5992,83.5992,83.5992,83.5992,83.5992,83.5992,83.5992,83.5992,83.5992,83.5992,83.5992,83.5992,83.5992,83.5992,83.5992,83.5992,3.70955,4.3926,548.278,366.717,0.4282
PAPXUB_clean-(id_180920),4000000,0.00350835,43.83907911,68.7801,68.8543,68.8543,68.8543,68.8543,68.8543,68.8543,68.8543,68.8543,64.7174,68.2871,68.83,68.8543,68.8426,68.8543,68.8543,68.8543,68.8543,68.8543,68.8543,68.8543,68.8543,68.8543,68.8543,68.8543,68.8543,68.8543,68.8543,68.8543,68.8543,68.8543,68.8543,68.8543,68.8543,68.8543,68.8543,68.8543,68.8543,3.74838,4.14867,380.17,269.572,0.4056
PEPKUR_clean-(id_181024),4000000,0.0050306,44.14803201,83.6741,83.6741,83.6741,83.6741,83.6741,83.6741,83.6741,83.6741,83.6741,82.1606,83.5224,83.6684,83.6736,83.6741,83.6741,83.6741,83.6741,83.6741,83.6741,83.6741,83.6741,83.6741,83.6741,83.6741,83.6741,83.6741,83.6741,83.6741,83.6741,83.6741,83.6741,83.6741,83.6741,83.6741,83.6741,83.6741,83.6741,83.6741,3.85266,4.38796,576.087,381.159,0.4116
PESTUD_clean-(id_181035),4000000,0.00650653,45.4704437,83.6439,83.6741,83.6741,83.6741,83.6741,83.6741,83.6741,83.6741,83.6741,82.6092,83.57,83.6459,83.6741,83.6741,83.6741,83.6741,83.6741,83.6741,83.6741,83.6741,83.6741,83.6741,83.6741,83.6741,83.6741,83.6741,83.6741,83.6741,83.6741,83.6741,83.6741,83.6741,83.6741,83.6741,83.6741,83.6741,83.6741,83.6741,3.77014,4.29451,554.299,364.183,0.4078
PEVLIN_clean-(id_181046),4000000,0.000136549,34.99021491,58.741,58.7709,58.7673,58.7709,58.7709,58.7709,58.7709,58.7709,58.7709,4.4206,41.6909,57.3447,58.6492,58.7563,58.7869,58.9963,59.0492,59.8977,60.048,60.1477,60.8922,62.5631,62.3738,66.6919,65.3656,64.285,66.2634,73.602,70.7877,74.1085,85.6993,101.981,106.642,104.326,109.028,112.786,113.48,111.456,3.58587,4.23888,451.698,234.175,0.4172
PIBNUK_clean-(id_181070),4000000,3.21E-05,11.18674572,1.57648,6.55938,29.5841,91.5556,237.146,430.972,1014.04,1208.53,1296.19,0.000348163,0.00208897,0.0421277,0.36766,3.73961,34.6331,250.895,429.683,593.55,713.197,1340.85,1365.57,1385.68,1410.54,1401.06,1419.07,1422.7,1430.89,1442.45,1456.55,1462.18,1459.81,1475.85,1495.62,1496.12,1495.43,1485.9,1492.31,1515.62,14.1862,15.3841,1393.02,3295.43,0.8378
PIBNUK01_clean-(id_181071),4000000,3.21E-05,11.20726795,1.63776,6.74182,28.3592,90.3461,227.253,428.106,940.093,1215.32,1288.15,0.000348163,0.00382979,0.0382979,0.378453,3.65118,34.0036,248.073,435.536,599.481,714.685,1355.38,1374.47,1387.06,1394.01,1411.93,1418.93,1433.31,1439.87,1433.58,1451.04,1448.23,1459.41,1460.8,1473.68,1488.41,1485.29,1494.62,1499.54,1486.4,14.1833,15.3719,1389.84,3285.35,0.8366
PIBPIA_clean-(id_181074),4000000,2.53E-05,10.5034953,0.837004,3.39971,14.0426,54.9745,180.717,375.424,650.512,1109.85,1169.78,0,0.00123089,0.0212328,0.189864,1.82448,19.0806,184.762,372.793,521.063,613.712,1219.12,1234.44,1261.89,1268.67,1268.33,1293.55,1296.41,1309.04,1324.31,1322.55,1319,1330.69,1338.73,1349.75,1369.15,1357.14,1375.59,1384.98,1368.82,14.2536,15.4937,1374.44,2996.23,0.8362
PIHNUQ_clean-(id_181085),4000000,0.0066211,45.08288001,63.736,63.736,63.736,63.736,63.736,63.736,63.736,63.736,63.736,46.3599,61.7196,63.5638,63.7316,63.7284,63.736,63.736,63.7457,63.736,63.7362,63.8017,63.736,63.736,63.7363,63.736,63.736,63.736,63.736,64.2761,63.736,63.7361,63.736,63.736,64.2962,64.2229,63.8292,63.8923,63.8454,63.8973,3.62057,4.36505,400.036,273.71,0.4114
PODKUQ_clean-(id_181134),4000000,0.000297486,23.06120258,29.6107,57.0247,127.37,216.302,629.224,938.743,1080.95,1223.02,1275.75,0.0395805,0.444059,3.56146,15.0937,38.3119,140.906,865.219,1084.66,1188.35,1238.51,1308.02,1407.23,1413.55,1426.43,1439.09,1450.86,1455.51,1469.57,1463.54,1474.57,1480,1490.39,1489.45,1498.76,1499.28,1527.31,1527.85,1519.28,1524.42,8.92625,22.3186,2028.03,4763.26,0.8332
PONPOX_clean-(id_181179),4000000,13.5887,59.930534,104.987,109.125,112.738,117.408,120.232,121.357,122.334,122.664,124.182,111.963,124.921,126.273,126.374,126.376,126.376,126.376,126.376,126.376,126.376,126.376,126.376,126.376,126.376,126.376,126.376,126.376,126.376,126.376,126.376,126.376,126.376,126.376,126.376,126.376,126.376,126.376,126.376,126.376,3.77666,4.5617,853.999,360.095,0.4606
PUTYAE_charged-(id_181273),4000000,0.00510973,40.04921212,101.527,101.527,101.527,101.527,101.527,101.527,101.527,101.527,101.527,13.0363,87.8839,100.375,101.424,101.513,101.527,101.527,101.527,101.527,101.527,101.527,101.672,101.528,101.527,101.527,101.527,101.527,101.527,101.527,101.527,101.756,101.527,101.527,101.577,101.528,101.527,101.527,101.527,101.527,3.8937,4.56339,836.49,564.403,0.5
QAHDOU_clean-(id_181317),4000000,7.41E-05,14.76716707,2.65983,9.30159,31.3132,79.5857,352.479,736.14,904.973,1217.16,1279.5,0.000543208,0.0052148,0.052148,0.55266,5.25989,38.8764,538.727,798.069,949.329,1005.94,1040.5,1064.38,1093.42,1111.58,1139.38,1157.31,1197.76,1421.97,1423.57,1439.91,1428.22,1444.16,1450.62,1465.98,1481.83,1483.28,1482.94,1479.46,1496.79,22.9801,23.7572,1759.71,4010.31,0.8514
QAHDUA_clean-(id_181318),4000000,5.86E-05,13.17445814,2.46433,9.82695,31.8139,100.082,494.386,810.705,946.522,1258.13,1326.13,0.000562839,0.00393987,0.0425506,0.449934,4.19957,35.6086,646.586,873.239,1006.2,1055.7,1089.85,1116.09,1145.04,1169.46,1191.98,1223.76,1460.18,1475.42,1485.37,1488.41,1483.16,1495.87,1508.31,1526.26,1530.52,1539.53,1542.19,1543,1540.86,22.83,23.6363,1765.68,4148.76,0.8564
QAJKIV_clean-(id_181326),4000000,4.93957,59.79262518,97.0436,99.6615,103.313,105.987,108.838,112.207,115.098,116.322,117.257,97.0729,120.581,127.146,127.728,127.816,127.816,127.816,127.816,127.816,127.816,127.816,127.816,127.816,127.816,127.816,127.816,127.816,127.816,127.816,127.816,127.816,127.816,127.816,127.816,127.816,127.816,127.816,127.816,127.816,3.62097,4.24125,709.381,298.412,0.4518
QEFWUV_clean-(id_181383),4000000,0.000183642,22.2106374,57.6638,91.1569,175.737,259.67,401.406,499.683,586.666,742.093,1118.86,0.0376812,0.387977,3.75635,25.7875,66.5951,199.14,495.367,573.179,628.842,662.671,693.516,713.008,739.153,758.167,782.642,810.368,823.468,866.667,902.862,939.815,948.838,1016.27,1302.27,1328.12,1337.82,1343.91,1348.74,1354.37,1351.7,28.2677,32.3604,1565.06,3304.96,0.826
QIYDAF_clean-(id_181472),4000000,0.000106984,16.1754011,6.97785,30.8055,146.096,249.39,385.535,806.204,1002.91,1259.59,1321.19,0.00123946,0.0118136,0.111745,1.11644,11.9549,160.956,497.168,859.491,1045.03,1138.77,1219.41,1389.19,1431.53,1441.02,1458.81,1470.86,1479.04,1489.17,1505.71,1507.44,1512.94,1524.18,1528.49,1545.67,1555.44,1564.53,1570.6,1566.58,1572.04,8.76388,22.9797,1832.34,4545.03,0.8334
QIYDAF01_clean-(id_181473),4000000,4.38E-05,12.49058266,10.4508,22.3162,52.2141,119.029,255.431,534.08,1331.78,1758.01,1862.75,0.00387331,0.0385782,0.468206,3.17797,13.6593,60.0628,278.758,417.429,854.934,1465.85,1648.4,1768.29,1847.07,2009.89,2063.92,2080.09,2094.42,2112.43,2130.79,2128.66,2142.57,2149.71,2156.1,2184.17,2195.28,2202.94,2216.45,2214,2228.13,13.5793,22.0014,1702.79,5615.12,0.8664
QIYDEJ_clean-(id_181474),4000000,0.000201387,19.79513493,62.1906,101,165.612,297.492,507.815,727.796,941.696,1155,1203.63,0.0126591,0.128847,1.20087,11.1746,69.0871,189.707,632.751,830.295,982.147,1076.52,1207.88,1300.63,1321.79,1332.19,1345.29,1349.8,1356.97,1367.31,1380.21,1380.75,1386.31,1390.52,1393.55,1404.88,1412.11,1421.25,1428.46,1427.21,1423.75,11.5568,22.4897,1897.73,4398.73,0.814
QIYDIN_clean-(id_181475),4000000,2.13E-05,7.347346297,0.923397,3.58142,13.2306,39.7073,84.0044,215.242,1088.28,2791.79,3015.94,0.000309865,0.00154932,0.0210708,0.174144,1.62927,14.255,81.9168,132.042,239.311,412.361,756.737,1525.41,1971.77,2089.06,2193.26,2321.52,2579.44,3434.35,3452.39,3471.53,3481.11,3517.06,3532.58,3573.2,3599.33,3600.48,3652.61,3662.71,3633.62,15.0225,29.975,1310.13,6628.79,0.9182
QUQQOJ_clean-(id_181654),4000000,0.0244972,43.78738102,58.4964,59.7396,61.0476,62.5342,64.3568,65.0841,65.0841,65.4037,66.1172,60.4173,65.1209,66.0079,66.1172,66.1172,66.1172,66.1233,66.1172,66.1172,66.1271,66.1175,66.1172,66.1172,66.1172,66.1172,66.1172,66.1172,66.1172,66.1172,66.2088,66.1172,66.1172,66.1172,66.1172,66.1449,66.1172,66.1173,66.2989,66.3477,3.90246,4.48385,680.126,391.531,0.355
RANCEQ_clean-(id_181723),4000000,6.44E-05,16.12582514,16.4156,42.9278,99.1406,192.425,388.047,638.746,1057.71,1128.76,1169.92,0.00133732,0.0341016,0.28886,3.01921,22.3211,114.562,443.094,664.633,1176.59,1242.22,1254.44,1282.81,1297.66,1304.47,1305.99,1316.03,1326.49,1333.56,1348.96,1348.1,1351.26,1357.58,1376.34,1388.69,1381.88,1394.83,1393.63,1386.05,1389.69,12.2384,14.1625,1622.66,3646.11,0.8192
RAVWES_clean-(id_181760),4000000,0.000611153,24.25467738,184.915,231.094,284.976,350.755,431.192,526.11,668.542,1102.97,1166.72,0.0784312,0.821637,7.92533,84.516,224.984,371.966,477.043,552.411,649.782,703.595,739.005,765.488,799.102,825.07,842.805,870.582,905.527,1297.93,1324.1,1317.65,1321.58,1328.09,1337.99,1350.93,1361.8,1366.01,1383.66,1376.53,1381.49,23.6272,24.4406,1246.56,2839.17,0.7912
RAVWIW_clean-(id_181761),4000000,0.000449966,24.56245428,132.967,181.481,229.566,284.508,356.593,467.886,662.655,851.648,1428.92,0.0510908,0.529056,5.29944,44.7848,164.339,274.521,406.07,489.517,639.711,712.01,747.658,777.864,792.545,812.32,836.151,854.861,876.068,924.806,988.07,1027.25,1054.71,1647.38,1644.74,1658.14,1668.01,1688.34,1700.6,1701.08,1699.24,30.1441,30.7006,1156.23,3192.07,0.82
RAVWOC_clean-(id_181762),4000000,0.000357663,24.40742068,68.353,93.0607,160.907,259.9,342.689,458.366,571.703,777.688,1298.07,0.0393615,0.343502,3.6085,28.1329,83.4102,227.611,402.32,467.044,534.867,575.472,604.173,629.831,652.786,675.633,708.226,731.052,767.437,829.051,888.259,914.056,940.083,991.394,1454.48,1480.54,1493.01,1498.03,1507.38,1504.37,1514.82,27.5597,28.2177,1182.94,3082.47,0.7968
RAVWUI_clean-(id_181763),4000000,0.00030228,23.58522668,101.057,173.116,238.559,295.108,349.622,428.682,569.076,768.562,1589.51,0.038075,0.371156,3.81451,31.9922,137.727,275.402,397.693,456.419,535.926,599.143,646.762,685.392,710.215,748.292,771.123,799.734,832.376,890.69,949.255,968.454,990.648,1042.72,1105.32,1271.68,1901.78,1911.77,1931.8,1920.47,1926.61,36.4331,36.7876,1010.86,3019.95,0.8506
RAVXAP_clean-(id_181764),4000000,0.000241545,22.42868038,176.316,209.184,243.788,291.409,360.752,482.469,653.583,855.079,1833.7,0.343389,3.43732,27.2097,108.252,198.676,283.335,449.709,548.777,652.639,704.028,737.553,759.88,788.527,815.946,842.181,865.473,894.867,964.894,1017.88,1041.33,1065.49,1120.56,1178.51,1331.01,2177.43,2190.79,2214.01,2207.84,2208.47,34.3554,34.8596,1008.2,3523.86,0.8406
RAVXET_clean-(id_181765),4000000,0.000172603,22.3671506,65.063,100.598,150.757,207.162,268.212,369.263,525.122,747.923,1540.99,0.0149093,0.158412,1.57863,13.8803,73.3936,199.739,327.986,405.967,485.559,527.697,563.75,599.349,630.644,662.927,696.799,717.888,749.955,791.56,832.863,849.274,862.888,901.198,936.957,1048.39,1225.32,1794.72,1808.16,1810.19,1805.5,38.0665,38.2281,945.437,2893.25,0.8304
RAYMOV_clean-(id_181784),4000000,9.00E-05,13.48586395,5.12169,21.1712,110.426,423.016,802.545,1093.44,1193.33,1239.73,1279.74,0.000777097,0.00777097,0.0888999,0.90252,8.90413,114.593,1180.67,1350.26,1423.31,1455.59,1474.5,1477.68,1503.57,1501.62,1507.63,1505.36,1509.69,1514.07,1521.15,1518.62,1517.52,1523.15,1520.39,1526.18,1531.77,1529.99,1536.25,1542.16,1532.69,9.65699,13.9045,2112.55,4982.37,0.8122
REZXOK_clean-(id_181879),4000000,3.04E-05,10.0411846,0.423775,1.88606,7.78469,33.2262,151.28,678.044,978.23,1048.9,1101.49,0.000346788,0.00161834,0.0139871,0.129814,1.29606,12.754,135.701,661.479,1076.89,1155.07,1196.33,1212.59,1231.98,1244.37,1263.37,1263.05,1267.05,1278.09,1300.79,1298.85,1305.46,1305.08,1319.49,1329.82,1332.16,1355.63,1352.53,1356.64,1352.26,13.622,14.2106,1999.64,4254.04,0.8176
REZXUQ_clean-(id_181880),4000000,2.73E-05,10.18096074,1.22123,4.52918,17.2351,42.8364,89.3702,266.296,1268.12,1440.87,1498.38,0.000215081,0.00225835,0.0268851,0.247773,2.50591,19.9028,85.1887,139.666,304.652,992.052,1533.03,1572.75,1597.64,1609.06,1633.59,1639.3,1656.65,1671.09,1689.9,1685.11,1688.86,1702.88,1711.86,1735.63,1738.39,1747.8,1763.39,1758.91,1758.91,13.96,15.2629,1754.08,4846.42,0.8582
RIGPEE_clean-(id_181894),4000000,1.78E-05,30.94076294,119.86,119.893,119.893,119.893,119.893,119.893,119.893,119.893,119.893,71.8246,116.552,119.577,119.839,119.893,119.893,119.893,119.903,119.893,119.925,119.893,119.893,119.893,119.893,119.893,119.893,120.006,120.537,119.893,120.097,119.893,119.893,119.893,120.078,119.893,120.413,119.893,119.893,120.722,3.50423,4.3699,597.681,485.277,0.468
ROBWAH_clean-(id_181937),4000000,0.006751,40.97080205,86.0883,87.2233,87.2261,87.2261,87.2261,87.2261,87.2261,87.2261,87.2261,56.6914,81.1684,86.6677,87.1796,87.2258,87.2261,87.2261,87.2261,87.2261,87.2261,87.2261,87.2261,87.2261,87.2261,87.2261,87.2261,87.2261,87.2261,87.2261,87.2261,87.2261,87.2261,87.2261,87.2261,87.2261,87.2261,87.2261,87.2261,87.2261,4.01581,5.06604,518.63,355.785,0.443
RUBDUP_clean-(id_182013),4000000,6.90E-05,15.64872479,23.7951,70.2192,109.458,144.082,251.341,543.928,760.216,1736.04,1839.78,0.00248195,0.0333935,0.360108,3.33303,36.2815,115.379,269.188,474.236,679.504,770.547,831.024,887.768,940.919,997.658,1046.48,1102.48,2059.78,2084.36,2113.77,2123.59,2126.07,2136.54,2139.37,2174.75,2190.45,2209.56,2220.22,2216.98,2224.79,19.2468,21.0952,1270.61,4251.56,0.868
RUFPUF_clean-(id_182033),4000000,3.39E-05,10.1272507,52.611,195.293,314.135,541.322,907.589,1172.75,1433.54,1501.58,1551.84,0.00794634,0.0681115,0.691332,6.85968,70.3316,345.736,1201.19,1381,1658.31,1687.91,1717.09,1726.22,1756.76,1754.03,1768.83,1768.34,1772.86,1788.16,1776.37,1790.68,1804.54,1809.52,1810.66,1808.71,1829.21,1834.93,1835.69,1839.67,1845.6,9.35997,20.4051,1749.6,4866.88,0.8282
SAMXUC_clean-(id_182188),4000000,0.0330606,40.22108518,54.1736,55.4089,55.8189,56.7957,57.4599,57.4599,57.9844,58.6911,59.1016,55.7916,57.6452,57.868,57.8783,57.8795,57.8795,57.8816,57.8799,57.8797,57.8802,57.8797,57.8796,57.8861,57.8801,57.8809,57.8796,57.8801,57.88,57.8927,57.8806,57.8824,57.8861,57.8948,57.8808,57.8821,57.8817,58.1126,58.3741,57.8864,4.86898,6.3742,589.067,293.946,0.4238
SAMYAJ_clean-(id_182189),4000000,0.0228044,39.69455843,51.9288,53.9743,54.7384,54.7921,55.4269,56.0188,56.236,56.8366,57.0867,54.8672,57.3858,57.6336,57.668,57.668,57.668,57.6685,57.668,57.6681,57.668,57.668,57.6697,57.668,57.668,57.668,57.6717,57.6697,57.6684,57.6682,57.668,57.6684,57.6685,57.6681,57.67,57.6685,57.6686,57.6699,57.6695,57.669,4.80314,6.24825,581.897,287.944,0.4242
SAMYEN_clean-(id_182190),4000000,0.0258536,40.18132778,50.0627,52.8295,54.135,54.286,54.6935,55.1798,55.5747,55.7572,56.1583,53.7292,56.5761,56.9736,56.979,56.979,56.979,56.979,56.979,56.979,56.979,56.9792,56.979,56.979,56.9793,56.9797,56.979,56.9795,56.9793,56.9793,56.9791,56.9791,56.9795,56.9798,56.9794,56.9792,56.9795,56.9804,56.98,56.9797,4.81898,6.31967,578.696,281.019,0.417
SAMYIR_clean-(id_182191),4000000,0.0285991,40.72861611,49.8194,51.2098,52.3063,52.3063,52.7086,53.111,53.111,53.6405,54.3181,53.8239,56.3755,56.7578,56.7643,56.7643,56.7643,56.7643,56.7643,56.7643,56.7643,56.7643,56.7644,56.7643,56.7643,56.7645,56.7644,56.7643,56.7643,56.7646,56.7645,56.7644,56.7644,56.7647,56.7643,56.7643,56.7645,56.765,56.7643,56.7651,4.76913,6.27824,574.788,275.159,0.4126
SOKXOH_clean-(id_182416),4000000,0.000398062,24.94523785,115.867,169.929,249.457,422.833,670.746,833.557,1001.82,1226.31,1269.32,0.633894,3.28793,12.8292,50.7831,145.676,312.885,817.458,933.711,1047.99,1119.66,1202.8,1379.91,1407.4,1411.09,1430.99,1443.48,1444.32,1456.7,1454.78,1468.98,1474.44,1481.05,1481.82,1484.53,1490.91,1513.31,1512.12,1517.46,1522.48,14.7443,22.9674,1862.02,4395.43,0.8094
SUGDIJ_auto-(id_185832),4000000,6.76E-05,14.84006122,3.158412492,12.5576418,50.26042756,141.1128576,389.3864302,804.8987215,1179.179878,1258.639673,1311.310495,0.000377025,0.00580618,0.0522557,0.553322,5.67249,54.6768,451.867,755.115,1334.57,1392.24,1421.41,1440.11,1457.8,1470.58,1477.95,1489.82,1490.54,1501.35,1512.61,1521.38,1524.52,1529.11,1539.47,1552.17,1557.75,1569.12,1576.36,1572.81,1575.55,11.5941,12.9956,1974.15,4816.02,0.8394
TAHNEY_clean-(id_182559),4000000,5.31E-06,7.339798875,0.0122957,0.0376174,0.198678,0.826244,3.55698,17.1801,352.721,405.497,439.706,0,0,0.000243479,0.00371305,0.0412696,0.420305,4.32972,9.00164,19.8542,34.6924,58.6544,433.87,445.694,455.993,459.93,468.231,474.341,481.201,487.829,492.967,492.943,498.074,499.571,509.971,513.435,516.569,522.027,520.979,520.372,7.2387,10.9331,2322.42,2264.38,0.7992
TOVJEV_clean-(id_182848),4000000,8.89E-05,16.6544085,26.4128,56.2571,105.087,209.851,528.405,926.456,1244.45,1306.95,1365.9,0.00275599,0.0425456,0.411676,3.95623,31.9287,122.225,629.56,955.975,1410.16,1460.86,1486.68,1488.53,1508.46,1512.46,1527.78,1539.39,1535.58,1542.89,1561.3,1562.27,1573.48,1561.83,1571.41,1584.22,1594.83,1606.51,1609.13,1610.69,1617.56,10.3707,13.6809,1892.74,4736.79,0.837
TUYLIJ_clean-(id_182936),4000000,12.0211,59.60085368,129.136,136.224,141.751,148.454,150.6,152.047,153.404,155.138,157.25,156.012,165.336,166.314,166.5,166.497,166.5,166.5,166.5,166.5,166.5,166.5,166.5,166.5,166.5,166.5,166.5,166.5,166.5,166.5,166.5,166.5,166.5,166.5,166.5,166.5,166.5,166.5,166.5,166.5,3.71437,4.51754,822.472,441.171,0.4454
UBULIO_SL-(id_185598),4000000,7.94E-05,15.73327502,13.74753384,39.39659699,107.8692822,240.1047412,615.6438156,792.1173002,883.984193,1165.546469,1214.097472,0.00216667,0.0248084,0.226526,2.37684,20.3485,123.224,755.359,884.209,963.365,994.638,1024.91,1047,1075.48,1094.83,1129.43,1150.54,1361.91,1379.59,1389.07,1398.31,1397,1404.17,1409.24,1418.95,1426.57,1435.96,1439.84,1446.82,1436.22,22.8992,24.2323,1818.16,4150.4,0.8258
UDALUI_clean-(id_182969),4000000,0.000124578,17.18190318,17.2362,45.1185,106.202,262.775,581.682,837.705,952.01,1276.71,1335.64,0.0052947,0.0524964,0.510319,4.98716,34.7393,142.763,804.152,966.82,1054.74,1094.9,1133.72,1159.88,1188.39,1205.94,1233.07,1261.53,1503.45,1515.12,1523.66,1534.11,1531.36,1538.91,1543.14,1559.44,1568.15,1573.75,1575.89,1579.77,1575.11,23.5719,24.1019,1723.58,4080.15,0.8502
UDANIY_clean-(id_182972),4000000,9.14E-05,15.81070224,8.90449,29.2985,73.0921,201.33,551.263,835.587,966.144,1271.86,1337.11,0.00160334,0.0168351,0.146247,1.47164,13.6984,81.5686,714.643,938.647,1043.75,1094.68,1123.31,1154.18,1176.72,1191.66,1226.24,1259.83,1508.68,1519.22,1526.96,1528.86,1539.66,1538.82,1555.96,1568.27,1577.43,1586.58,1598.5,1593.73,1592.97,23.4584,23.8799,1745.24,4180.81,0.8514
UJILAA_clean-(id_183041),4000000,4.03E-06,3.378890714,0.00323732,0.0161866,0.0794762,0.323246,1.37084,5.85971,25.5844,1090.76,1227.05,0,8.09E-05,0.000161866,0.00145679,0.0195858,0.199743,1.96457,3.89134,7.92916,12.2164,16.3818,20.4408,25.0068,28.8864,34.1366,39.1655,44.998,56.7655,69.9267,75.8692,85.8008,104.42,128.302,1438.06,1465.16,1470.44,1490.08,1486.32,1483.05,9.51535,19.2341,1982.45,4716.4,0.8898
VABJUE_clean-(id_183386),4000000,182.108,71.34215029,85.0625,85.0625,85.0625,85.4689,85.8153,85.8153,85.8153,85.8153,85.8153,91.0315,95.8622,96.354,96.354,96.354,96.354,96.354,96.354,96.354,96.354,96.354,96.354,96.354,96.354,96.354,96.354,96.354,96.354,96.354,96.354,96.354,96.354,96.354,96.354,96.354,96.354,96.354,96.354,96.354,3.85588,4.79651,818.587,453.821,0.4692
VABKAN_clean-(id_183388),4000000,0.000251496,18.40755656,166.988,209.676,291.682,523.064,693.577,837.043,1061.79,1366.28,1430.73,0.0313559,0.32007,3.26306,41.1661,208.398,333.028,855.527,961.102,1087.14,1233.82,1394.47,1563.19,1594.16,1593.93,1628.3,1639.39,1665.55,1675.04,1678.91,1684.23,1687.9,1690.75,1712.43,1716.11,1719.91,1720.95,1736.14,1733.93,1745.34,13.8399,25.1555,1646.09,4145.29,0.8436
VABKER_clean-(id_183390),4000000,0.000248038,18.40181387,179.535,212.688,294.639,509.537,711.627,852.902,1076.12,1424.51,1481.47,0.0437145,0.342032,3.83202,46.8806,207.792,325.554,885.865,996.524,1115.73,1273.83,1408.2,1618.25,1655.8,1671.05,1686.43,1704.08,1716.57,1723.16,1734.32,1725.56,1743.1,1738.82,1754.8,1759.16,1768.13,1770.64,1774.72,1782.79,1775.7,13.7016,25.4878,1629.94,4213.63,0.8474
VACLIX_clean-(id_183397),4000000,8.56E-05,17.95230525,21.7003,50.9724,83.4702,140.602,284.884,446.104,614.699,961.451,1018.87,0.00374046,0.028095,0.315945,3.08256,24.8928,93.2559,332.992,467.254,578.979,647.89,697.317,734.562,771.045,807.141,848.856,900.452,1113.9,1127.94,1140.7,1144.78,1147.58,1151.02,1157.36,1169.94,1177.17,1184.27,1190.32,1188.85,1185.71,11.118,25.8442,1593.04,3020.23,0.8434
VAGMAT_clean-(id_183405),4000000,6.57E-05,13.66892121,5.23241,18.5323,59.0782,135.508,381.733,906.466,1390.85,1489.63,1556.48,0.00118001,0.00861408,0.0788248,0.795092,7.72955,58.6395,430.821,992.772,1596.91,1662.18,1688.67,1703.11,1717.9,1725.29,1739.66,1744.27,1750.03,1758.46,1763.78,1775.01,1773.7,1784.57,1792.23,1797.84,1802.87,1812.2,1818.02,1820.55,1813.3,13.2604,14.9209,1875.05,5140.9,0.86
VAGMEX_clean-(id_183406),4000000,6.45E-05,13.67187631,5.06815,19.4124,56.2266,134.551,393.758,850.869,1430.74,1535.44,1595.18,0.00129801,0.00849608,0.0794148,0.8194,7.52458,56.9128,445.565,860.078,1589.04,1700.31,1744.42,1760.68,1772.58,1795.76,1805.44,1819.44,1821.52,1832.26,1844.23,1848.51,1849.99,1860.22,1863.08,1871.24,1883.31,1888.76,1895.75,1895.96,1893.89,14.4886,15.2806,1827.73,5189.2,0.863
VAJVEJ_clean-(id_183426),4000000,0.00780275,45.2008788,77.468,79.5048,80.971,82.18,82.5181,82.5181,82.5181,82.5181,82.5181,80.4884,82.4144,82.5162,82.518,82.5181,82.5181,82.5181,82.5181,82.5181,82.5181,82.5181,82.5181,82.5181,82.5181,82.5181,82.5181,82.5181,82.5181,82.5181,82.5181,82.5181,82.5181,82.5181,82.5181,82.5181,82.5181,82.5181,82.5181,82.5181,3.61073,4.35318,480.24,298.672,0.4216
VANNIK_clean-(id_183458),4000000,1.86E-05,8.027432711,0.310611,1.25598,5.93452,25.754,114.219,849.526,1029.21,1085.85,1114.4,0,0.00107638,0.00984115,0.0825734,0.862945,8.86149,110.502,407.431,1115.81,1160.04,1182.74,1201.03,1214.89,1213.8,1234.53,1238.86,1237.35,1258.94,1262.89,1269.92,1271.51,1269.78,1287.5,1280.93,1306.89,1309.17,1315.13,1315.25,1311.41,10.7008,12.1173,1807.7,3703.29,0.8496
VEBHUG_SL-(id_185649),4000000,5.51E-05,13.29259956,0.965633254,3.764290007,16.78979207,59.09366958,329.9789946,1009.012342,1037.929582,1056.903182,1079.937754,9.77E-05,0.00195314,0.0218752,0.207717,2.08898,20.6218,353.831,1017.62,1097.09,1134.13,1154.51,1172.06,1190.21,1193.07,1206.13,1215.92,1220.33,1230.61,1241.54,1242.23,1239.52,1253.22,1253.09,1255.94,1283.46,1293.98,1291.6,1280.93,1283.08,9.82354,17.3025,1917.15,3751.27,0.8468
VOLRAQ01_clean-(id_183725),4000000,3.22E-05,11.63780671,0.780375,3.18626,11.5811,37.2642,124.821,605.376,815.505,924.035,969.984,0.000249082,0.0027399,0.0155676,0.157046,1.65204,14.531,119.372,531.088,837.261,891.836,1026.5,1050.18,1058.94,1069.64,1071.91,1082.14,1086.9,1104.66,1109.49,1114.93,1108.4,1117.85,1117.23,1123.12,1128.87,1147.23,1153.37,1145.74,1148.73,11.1822,16.8939,1860.71,3314.7,0.8394
WAGQAY_clean-(id_183882),4000000,0.000125345,17.23138969,93.7006,125.6,186.72,279.745,397.846,586.703,772.497,1347.29,1424.63,0.0188956,0.191893,2.07609,19.5225,106.688,212.87,481.714,615.472,757.335,830.163,883.007,939.758,1016.48,1577.7,1589.07,1606.3,1616.98,1636.67,1642.16,1648,1656.73,1661.18,1674.49,1695.41,1695.35,1701.05,1710.71,1714.37,1713.84,15.3172,23.953,1362.13,3477.56,0.858
WERHIK_clean-(id_184062),4000000,8.80913,51.58856551,161.845,162.856,163.804,164.978,165.013,167.17,167.17,168.221,171.608,157.706,172.351,174.688,174.682,174.719,174.719,174.719,174.719,174.719,174.719,174.719,174.719,174.719,174.719,174.719,174.719,174.719,174.719,174.719,174.719,174.719,174.719,174.719,174.719,174.719,174.719,174.719,174.719,174.719,3.54583,5.75389,1139.75,681.902,0.4974
WIJXIY_clean-(id_184123),4000000,5.34E-05,13.92282363,5.65122,18.9984,58.9587,130.254,320.376,616.62,1014.23,1085.83,1126.26,0.00122356,0.0115558,0.107809,1.01256,10.4245,65.8024,361.248,624.149,1140.1,1192.7,1218.51,1230.5,1240.09,1246.12,1258.59,1258.45,1275.21,1285.25,1288.77,1291.58,1293.44,1288.41,1294.33,1299.64,1317.55,1323.97,1328.11,1315.32,1327.34,11.557,14.2439,1730.44,3642.38,0.8226
WILNEL01_clean-(id_184138),4000000,3.16E-05,31.75604364,150.329,150.338,150.339,150.339,150.339,150.339,150.339,150.339,150.339,53.1787,141.299,149.468,150.256,150.336,150.34,150.373,150.405,150.641,150.361,150.881,150.854,151.276,151.814,151.8,152.535,150.834,151.008,151.118,151.786,156.024,153.604,153.155,158.383,152.359,154.274,155.407,158.512,159.194,3.50149,4.81584,799.46,723.542,0.5386
WIYMOG_charged-(id_184168),4000000,4.22E-05,13.69960698,10.7335,27.9409,60.4547,110.433,231.144,808.185,1143.89,1225.18,1273.07,0.00120934,0.0194595,0.201741,1.77422,14.7127,62.2326,251.487,471.037,1278.31,1323.58,1354.05,1374.7,1390.13,1396.87,1411.36,1424.18,1428.66,1436.98,1445.15,1456.49,1452.56,1465.94,1471.5,1479.71,1496.42,1499.73,1507.89,1505.86,1509.25,7.54941,12.0545,2874.44,7043.44,0.8306
WODFOL_clean-(id_184188),4000000,0.0197722,47.49157954,82.1751,83.5992,83.5992,83.5992,83.5992,83.5992,83.5992,83.5992,83.5992,80.5107,83.3689,83.5717,83.5992,83.5992,83.5992,83.5992,83.5992,83.5992,83.5992,83.5992,83.5992,83.5992,83.5992,83.5992,83.5992,83.5992,83.5992,83.5992,83.5992,83.5992,83.5992,83.5992,83.5992,83.5992,83.5992,83.5992,83.5992,83.5992,3.69918,4.42221,549.218,364.098,0.4148
XAFFAN_clean-(id_184398),4000000,6.44E-05,13.57187921,4.84442,18.162,58.842,134.467,381.037,905.742,1380.97,1489.05,1549.92,0.000472005,0.00837808,0.0783528,0.792142,7.6309,57.9488,428.971,1002.27,1607.11,1660.13,1683.65,1705.17,1717.6,1725.78,1738.68,1746.85,1748.64,1762.44,1768.04,1772.16,1775.2,1787.04,1784.35,1802.98,1805.79,1805.24,1814.98,1814.21,1817.89,13.243,14.9132,1896.05,5192.05,0.8544
XAFFER_clean-(id_184399),4000000,6.40E-05,13.69188301,5.39714,18.7093,58.2607,139.268,412.913,880.404,1393.34,1495.25,1559.64,0.000708007,0.00778808,0.0826008,0.826834,7.9534,58.2418,443.382,904.865,1587.8,1655.61,1687.07,1713.5,1725.34,1723.94,1742.81,1749.39,1759.04,1770.11,1771.49,1774.14,1783.96,1786.24,1796.74,1807.49,1807.99,1811.53,1817.73,1826.14,1823.32,13.2889,14.2192,1854.43,5152.99,0.8504
XAFFIV_clean-(id_184400),4000000,6.09E-05,13.29797912,4.17883,15.6534,52.7123,126.348,349.176,877.614,1403.74,1514.07,1573.2,0.000959714,0.00731782,0.0682596,0.697832,6.80533,52.5962,365.578,902.053,1625.67,1674.81,1710.73,1734.48,1744.6,1760.38,1763.15,1769.18,1774.72,1785.35,1792.76,1797.07,1800.54,1797.35,1809.19,1825.4,1829.58,1841.84,1846.22,1848.76,1838.88,13.1937,14.2292,1899.33,5299.5,0.8506
XAFFOB_clean-(id_184401),4000000,6.35E-05,13.55264785,5.00178,18.3553,59.7605,136.994,375.783,866.411,1385.25,1476,1526.83,0.000829915,0.00723211,0.0768264,0.768975,7.58376,57.172,408.118,912.403,1592.06,1645.22,1670.9,1695.62,1703.76,1714.3,1720.35,1723.6,1738.69,1737.4,1758.82,1762.38,1768.22,1772.98,1772.08,1777.3,1793.82,1799.1,1792.21,1805.46,1804.4,13.174,14.8391,1878.61,5118.95,0.845
XAFFUH_clean-(id_184402),4000000,7.72E-05,14.38203136,8.89645,30.6039,73.5724,154.501,503.369,815.493,1012,1624.48,1712.65,0.00106703,0.01399,0.123894,1.27712,11.8494,71.8024,641.213,889.797,1043.13,1120.55,1189.81,1257.5,1331.12,1876.3,1903.05,1915.95,1920.69,1946.14,1957.58,1971.1,1973.23,1986.86,1986.19,2007.23,2019.36,2035.53,2030.84,2041.17,2045.56,19.638,23.7283,1685.62,5120.87,0.8726
XAHPED_clean-(id_184411),4000000,6.71E-05,14.04390362,10.8646,33.6928,105.791,285.101,442.494,612.465,1295.81,1399.46,1475.32,0.00225439,0.0147788,0.15931,1.61552,15.4197,128.029,490.484,605.168,1465.01,1535.4,1575.69,1595.21,1615.28,1614.96,1635.34,1647.92,1649.14,1674.39,1680.16,1683.86,1683.48,1690.38,1704.16,1711.15,1726.07,1734.79,1749.83,1740.33,1741.31,10.8675,12.3692,1946.72,5199.04,0.8398
XAHPIH_clean-(id_184412),4000000,5.70E-05,13.41995376,11.152,28.7397,76.9271,215.663,379.551,549.471,1281.15,1498.97,1571.3,0.000950818,0.0161639,0.172913,1.52932,13.6658,93.6275,413.786,528.333,683.898,821.273,1640.08,1686.24,1707.97,1734.12,1744.66,1763.37,1762.26,1791.83,1803.57,1815.99,1820.04,1825.6,1842.2,1856.27,1865.75,1868.99,1883.05,1880.81,1881.75,13.3795,14.3167,1691.25,4748.26,0.8698
XAHPUT_clean-(id_184414),4000000,3.49E-05,9.736004017,1.53093,5.91609,26.1464,101.68,302.399,573.873,902.865,1392.24,3316.83,0.000359204,0.00251443,0.0373572,0.321128,3.13441,32.7623,315.881,494.705,695.507,821.032,948.712,1020.01,1100.85,1178.19,1231.66,1307.92,1371.81,1498.5,1582.82,1647.15,1695.99,1869.06,3840.21,3879.59,3918.37,3966.83,3973.26,3971.23,3951.69,20.5859,21.8281,1104.09,6179.32,0.9154
XAHQAA_clean-(id_184416),4000000,3.42E-05,9.422750141,1.27969,5.19182,22.3204,89.7915,278.793,557.91,924.27,1490.57,3505.73,0,0.00225961,0.0289983,0.280568,2.78647,27.0863,280.662,475.895,681.087,839.796,946.972,1053.79,1140.59,1228.68,1294.59,1369.36,1434.12,1545.46,1665.25,1724.5,1794.29,1946.87,2093.65,4102.43,4151.32,4156.99,4219.97,4215.76,4200.47,21.6072,23.0353,1040.62,6105.88,0.9292
XAWVUN_clean-(id_184532),4000000,9.18E-05,15.11309114,9.62887,32.5513,97.9832,210.965,594.891,972.984,1060.03,1108.5,1140.21,0.00131237,0.0144361,0.137537,1.35778,12.8703,92.8295,1024.83,1149.78,1203.63,1234.55,1248.14,1253.79,1266.61,1267.4,1276.01,1286.96,1289.64,1294.81,1299.2,1314.75,1302.85,1309.96,1321.27,1329.81,1332.15,1333.35,1335.2,1358.41,1351.5,9.22291,10.7871,2191.63,4721.18,0.8104
XEBHOC_clean-(id_184541),4000000,0.00010332,15.73421273,10.737,37.2973,113.776,239.327,610.677,962.241,1036.5,1096.28,1128.04,0.0010499,0.0160109,0.153285,1.45161,14.3991,115.653,1012.54,1158.8,1228.62,1256.82,1282.73,1293.23,1296.96,1305.95,1319.93,1319.77,1322.55,1330.57,1335.67,1342.37,1340,1351.68,1347.98,1358.24,1359.95,1367.56,1364.86,1368.33,1378.78,9.91355,12.082,2182.46,4692.86,0.813
XEJXAN_clean-(id_184575),4000000,0.00800459,47.10574444,81.3923,82.7022,82.9711,83.3676,83.3676,83.3676,83.3676,83.3676,83.3676,82.3502,83.2838,83.3604,83.3676,83.3676,83.3676,83.3676,83.3676,83.3676,83.3676,83.3676,83.3676,83.3676,83.3676,83.3676,83.3676,83.3676,83.3676,83.3676,83.3676,83.3676,83.3676,83.3676,83.3676,83.3676,83.3676,83.3676,83.3676,83.3676,3.60567,4.27901,491.894,311.588,0.4078
XIGWUF_clean-(id_184637),4000000,1.10E-05,7.064678603,0.0176457,0.0705829,0.288416,1.29443,5.48092,26.1721,698.889,808.051,882.229,0,0,0.00091271,0.00649038,0.0645996,0.642649,6.84066,13.9638,31.0605,52.6183,85.7591,802.553,845.619,869.52,896.454,907.599,920.122,948.824,962.505,974.661,979.88,991.19,1001.69,1020.67,1033.58,1051.59,1057.91,1060.29,1058.39,4.99162,7.07949,3315.96,6931.17,0.7822
XISLAM_clean-(id_184677),4000000,29.7101,63.46888476,78.8616,80.9938,84.4094,86.1332,87.1877,88.1423,88.9777,88.9777,88.9777,81.7894,88.0885,88.5798,88.9777,88.9777,88.9777,88.9777,88.9777,88.9777,88.9777,88.9777,88.9777,88.9777,88.9777,88.9777,88.9777,88.9777,88.9777,88.9777,88.9777,88.9777,88.9777,88.9777,88.9777,88.9777,89.0016,88.9777,88.9783,88.9777,3.64065,4.34393,692.959,357.901,0.4122
XOVPUU_clean-(id_184772),4000000,6.17E-05,12.69434617,2.47214,9.70126,42.4422,144.612,465.899,1134.46,1293.43,1360.96,1397.43,0.000228437,0.00479718,0.0422608,0.440426,4.68341,45.0439,590.148,1401.93,1490.28,1516.91,1537.24,1554.76,1565.59,1573.75,1570.26,1574.49,1583.61,1582.49,1599.18,1604.38,1605,1617.01,1616.71,1632.27,1630.91,1635.43,1643.2,1656.08,1643.48,9.77333,11.455,2012.2,4968.9,0.8444
XOVQEF_SL-(id_185813),4000000,7.96E-05,14.49387888,9.612280144,26.41188539,96.24585615,286.4163531,598.426512,1004.962877,1143.775979,1198.502267,1220.064243,0.00171342,0.0130843,0.157012,1.64348,12.5284,104.186,744.571,1193.02,1299.45,1327.26,1343.38,1366.03,1386.43,1384.4,1387.65,1404,1405.33,1415.56,1413.29,1423.87,1421.64,1422.7,1427.75,1448.08,1445.24,1455.38,1460.93,1459.19,1471.13,11.4264,13.738,2002.7,4618.32,0.8224
XUKYEI_neutral-(id_184829),4000000,2.67E-05,9.173468854,1.60056,6.21262,28.2971,108.266,277.439,667.493,1742.95,1904.56,2000.54,0.00035177,0.00316593,0.0388706,0.380088,3.77045,39.3847,298.446,538.751,872.951,2065.96,2119.5,2147.42,2183.05,2193.91,2204.69,2210.73,2225.75,2239.13,2252.13,2260.08,2260.96,2270.82,2290.83,2304.25,2319.63,2323.85,2324.72,2341.4,2337.36,10.7585,13.1723,1805.38,6285.97,0.8682
XUWSUD_clean-(id_185058),4000000,0.0727039,46.54532788,71.23977675,71.24505416,71.24505416,71.24505416,71.24505416,71.24505416,71.24505416,71.24518609,71.24505416,6.98614,55.0237,69.8645,71.1044,71.223,71.245,71.2448,71.2451,71.2451,71.3672,71.2451,71.2451,71.2452,71.3274,71.2454,71.4066,71.33,71.2451,71.2454,71.3003,71.2482,71.8391,71.2452,71.334,71.2903,71.4221,71.9732,72.5513,71.8743,3.78091,4.4926,718.007,334.605,0.4438
XUWTAK_clean-(id_185502),4000000,0.0715101,46.93099713,71.23951287,71.24505416,71.24505416,71.24505416,71.24505416,71.24505416,71.24505416,71.24505416,71.24505416,10.2942,59.4954,70.1336,71.1364,71.2305,71.245,71.2451,71.2451,71.2451,71.2635,71.2453,71.2982,71.2874,71.2752,71.2591,71.3048,71.2519,71.2453,71.2485,71.6457,71.2643,71.2452,71.2452,71.441,71.2851,71.3981,71.3127,71.4952,71.521,3.75356,4.40667,723.721,332.819,0.4382
YEGKIG_clean-(id_185350),4000000,1.49E+18,169.3415386,48.74152832,47.74680326,49.07310333,49.44110741,49.40467837,48.74152832,47.74680326,50.73097844,48.9779192,53.3836,53.3836,53.3836,53.3836,53.3836,53.3836,53.3836,53.3836,53.3836,53.619,53.7152,53.7152,53.7152,53.7152,53.9409,54.0467,54.0467,54.0467,54.0467,54.0467,54.0467,54.0467,54.0467,54.0467,54.0467,54.0467,54.0467,54.0467,54.0467,3.57012,4.90062,619.506,119.676,0.3362
YEQRIV_clean-(id_184933),4000000,7.06E-06,9.280509556,0.024345718,0.091356697,0.439669208,1.897037663,8.810016467,53.37376939,453.6402801,526.3467194,564.3937742,0,0,0.00036157,0.0106061,0.0899104,0.878013,9.58161,21.3472,55.1346,456.469,513.227,546.852,567.736,581.119,595.025,602.894,608.049,621.576,634.098,643.576,645.489,651.967,656.835,671.535,694.224,697.357,703.775,700.922,697.469,4.79932,5.99633,3172.25,4273.71,0.734
YOCNIP_clean-(id_185652),4000000,0.390158,48.50632866,62.3579661,62.47076054,61.92639727,62.47076054,62.43379868,62.47076054,62.47076054,62.4713679,62.47076054,61.7312,62.4678,62.4205,62.4708,62.4733,62.4708,62.4708,62.4933,63.8049,63.1379,63.0752,63.7723,64.1893,65.208,66.3304,68.3274,66.7212,65.3579,64.3065,65.0737,66.3756,68.6347,68.2413,68.5904,68.9781,69.1332,69.1472,69.4688,68.3276,4.07873,6.24098,313.41,180.326,0.3778
YODWOF_clean-(id_185180),4000000,8.96E-05,14.32189529,3.053915606,12.44737013,52.33165671,172.6172726,405.3306811,661.3718087,863.8327012,1506.57992,1597.198278,0.000826053,0.00516283,0.0487371,0.517315,5.17997,53.3634,478.461,680.281,852.059,937.952,1017.03,1099.91,1157.75,1270.11,1782.43,1804.61,1817.17,1832.5,1847.82,1858.9,1865.97,1887.25,1884.11,1911.45,1914.14,1927.79,1939.18,1933.25,1945.7,14.6374,21.6034,1695.85,4785.8,0.8718
YODWUL_clean-(id_185452),4000000,0.000153291,17.75856138,13.59604057,37.14753932,85.17602956,264.3090026,431.3363591,591.8440813,846.9999525,1239.906215,1285.66954,0.00135988,0.0161242,0.216415,1.96541,16.9295,96.2767,526.365,628.172,731.752,817.565,923.361,1120.14,1229.58,1394.29,1416.3,1425.71,1438.63,1449.39,1459.16,1470.56,1471.01,1470.4,1484.41,1490.06,1500.68,1510.99,1517.46,1519.78,1527.51,11.5336,23.4936,1906.84,4491.91,0.849
YUGZIK_clean-(id_184963),4000000,0.000111061,16.05187566,36.06576969,88.14817994,192.1828224,366.9630907,625.7294411,987.1797653,1062.145852,1104.329991,1142.033124,0.00720054,0.0641416,0.646911,6.44647,46.1326,206.67,1067.52,1189.1,1246.24,1275.82,1289.48,1297.72,1309.17,1324.02,1334.22,1328.06,1330.61,1337.53,1348.87,1354.17,1358.81,1357.51,1360.33,1374.92,1379.51,1378.86,1385.99,1388.28,1391.82,8.94015,11.9106,2210.67,4926.21,0.8084
YUSWEP_manual-(id_185436),4000000,0.000171382,18.76395972,65.660732,124.0350693,221.2262355,351.4696738,500.4893304,766.7928822,952.569001,1143.803663,1331.297265,0.0132313,0.144293,1.32793,11.9457,85.9917,275.129,626.94,826.319,982.817,1065.12,1137.23,1223.07,1248.29,1273.22,1290.34,1305.12,1326.28,1357.53,1395.5,1410.84,1536.21,1543.1,1549.3,1565.39,1567.56,1580.12,1587.32,1591.2,1590.44,13.0059,37.3405,1712.88,4240.94,0.8324
YUZCON_clean-(id_185691),4000000,1.30E-05,14.62352316,0.270669219,1.082037159,4.606302708,15.52167407,34.61891993,52.80359276,98.35451701,355.9909309,379.5515,3.20E-05,0.000703702,0.00674914,0.0625335,0.613532,5.56033,32.0751,43.9285,56.9721,67.5268,77.6464,89.4296,102.951,389.633,395.7,403.303,404.692,410.093,415.697,418.719,419.519,422.317,424.814,431.382,435.298,437.779,441.723,439.879,439.82,8.91717,12.8548,1841.47,1489.6,0.7372
YUZPEQ_clean-(id_185303),4000000,0.000335154,23.41741512,34.14384824,73.87702371,149.9869196,232.5233693,635.5303744,848.6534688,993.6756487,1106.247385,1142.551352,0.0676141,0.593752,4.95181,18.7539,46.8177,167.466,833.191,967.562,1079.42,1137.04,1239.34,1270.32,1286.07,1291.62,1298.64,1303.53,1308.22,1318.32,1324.77,1327.46,1329.99,1327.72,1334.55,1343.48,1346.03,1352.32,1362.18,1357.01,1358.53,9.22584,21.4982,2093.84,4487.44,0.8266
YUZPIU_clean-(id_185267),4000000,0.000368241,24.7354212,34.42820536,69.90932727,136.0652953,211.6758621,480.3476539,937.7089173,1091.640404,1307.806331,1348.134589,0.0960524,0.906475,6.13058,18.9885,46.7032,154.346,582.192,1039.56,1168.11,1222.87,1275.71,1328.21,1434.62,1488.68,1507.13,1513.33,1517.12,1538.14,1545.13,1546.68,1545.21,1558.6,1563.07,1574.21,1591.38,1595.36,1602.22,1600.42,1600.05,10.2733,24.2826,1930.72,4760.85,0.8426
ZARLEL_clean-(id_184982),4000000,4.58E-05,13.64812628,6.435500277,23.10781036,88.21153955,182.6850846,291.4151211,482.2378054,888.5266835,949.4585183,978.0444461,0.00123374,0.0131085,0.130083,1.28409,12.5256,98.0514,322.024,445.821,875.051,1033.08,1065.26,1080.45,1090.03,1102.16,1105.31,1118.81,1126.39,1130.4,1140.91,1147.35,1150.57,1155.95,1161.45,1164.44,1182.47,1185,1185.1,1187.14,1191.49,13.2845,14.4312,1518.29,3074.04,0.7906
ZELROZ_manual-(id_185343),4000000,4.41E-05,13.29557002,1.466250462,6.219701286,22.20063637,67.24883448,177.7593971,482.0249715,1367.295446,1506.292916,1566.948232,0,0.00375524,0.032773,0.32039,3.18205,27.9127,197.606,396.79,695.54,1557.14,1646.14,1678.01,1698.25,1711.91,1727.81,1732.76,1751.7,1754.63,1774.32,1779.15,1781.16,1787.24,1800.92,1813.41,1839.75,1840.66,1846.46,1854.31,1840.26,11.0684,16.9089,1789.5,4944.29,0.8714
ZILBUT_clean-(id_185505),4000000,0.000128557,16.9316391,8.418565536,32.12670169,121.767876,260.5526422,458.6535514,988.8569101,1259.021493,1337.71712,1380.4813,0.00156858,0.0127055,0.137408,1.34223,13.6137,127.834,567.981,1077.08,1435.64,1490.32,1516.88,1526.17,1545.76,1553.7,1561.7,1574.09,1582.2,1590.16,1600.3,1606.12,1597.15,1610.37,1614.13,1640.61,1626.77,1652.74,1648.09,1654.08,1649.51,10.4071,15.8018,1981.84,5065.43,0.8422
ZUQBUK_clean-(id_185156),4000000,0.0175213,33.92806126,320.5564445,327.2053898,324.921779,333.6411215,333.6565163,337.6886698,338.8729505,340.8692454,337.4225716,130.839,321.362,342.664,344.421,344.567,344.588,344.588,344.588,344.588,344.588,344.596,344.588,344.588,344.652,344.68,344.588,344.72,344.588,345.059,344.625,344.813,344.622,344.817,344.68,344.588,344.588,344.821,344.588,344.705,3.87772,6.60273,2004.83,2031.09,0.58
